id,name,name_fr,validFrom
ocd-division/country:ca/ed:10001,Avalon,Avalon,2015-10-19
ocd-division/country:ca/ed:10002,Bonavista—Burin—Trinity,Bonavista—Burin—Trinity,2015-10-19
ocd-division/country:ca/ed:10003,Coast of Bays—Central—Notre Dame,Coast of Bays—Central—Notre Dame,2015-10-19
ocd-division/country:ca/ed:10004,Labrador,Labrador,2015-10-19
ocd-division/country:ca/ed:10005,Long Range Mountains,Long Range Mountains,2015-10-19
ocd-division/country:ca/ed:10006,St. John's East,St. John's-Est,2015-10-19
ocd-division/country:ca/ed:10007,St. John's South—Mount Pearl,St. John's-Sud—Mount Pearl,2015-10-19
ocd-division/country:ca/ed:11001,Cardigan,Cardigan,2015-10-19
ocd-division/country:ca/ed:11002,Charlottetown,Charlottetown,2015-10-19
ocd-division/country:ca/ed:11003,Egmont,Egmont,2015-10-19
ocd-division/country:ca/ed:11004,Malpeque,Malpeque,2015-10-19
ocd-division/country:ca/ed:12001,Cape Breton—Canso,Cape Breton—Canso,2015-10-19
ocd-division/country:ca/ed:12002,Central Nova,Nova-Centre,2015-10-19
ocd-division/country:ca/ed:12003,Cumberland—Colchester,Cumberland—Colchester,2015-10-19
ocd-division/country:ca/ed:12004,Dartmouth—Cole Harbour,Dartmouth—Cole Harbour,2015-10-19
ocd-division/country:ca/ed:12005,Halifax,Halifax,2015-10-19
ocd-division/country:ca/ed:12006,Halifax West,Halifax-Ouest,2015-10-19
ocd-division/country:ca/ed:12007,Kings—Hants,Kings—Hants,2015-10-19
ocd-division/country:ca/ed:12008,Sackville—Preston—Chezzetcook,Sackville—Preston—Chezzetcook,2015-10-19
ocd-division/country:ca/ed:12009,South Shore—St. Margarets,South Shore—St. Margarets,2015-10-19
ocd-division/country:ca/ed:12010,Sydney—Victoria,Sydney—Victoria,2015-10-19
ocd-division/country:ca/ed:12011,West Nova,Nova-Ouest,2015-10-19
ocd-division/country:ca/ed:13001,Acadie—Bathurst,Acadie—Bathurst,2015-10-19
ocd-division/country:ca/ed:13002,Beauséjour,Beauséjour,2015-10-19
ocd-division/country:ca/ed:13003,Fredericton,Fredericton,2015-10-19
ocd-division/country:ca/ed:13004,Fundy Royal,Fundy Royal,2015-10-19
ocd-division/country:ca/ed:13005,Madawaska—Restigouche,Madawaska—Restigouche,2015-10-19
ocd-division/country:ca/ed:13006,Miramichi—Grand Lake,Miramichi—Grand Lake,2015-10-19
ocd-division/country:ca/ed:13007,Moncton—Riverview—Dieppe,Moncton—Riverview—Dieppe,2015-10-19
ocd-division/country:ca/ed:13008,New Brunswick Southwest,Nouveau-Brunswick-Sud-Ouest,2015-10-19
ocd-division/country:ca/ed:13009,Saint John—Rothesay,Saint John—Rothesay,2015-10-19
ocd-division/country:ca/ed:13010,Tobique—Mactaquac,Tobique—Mactaquac,2015-10-19
ocd-division/country:ca/ed:24001,Abitibi—Baie-James—Nunavik—Eeyou,Abitibi—Baie-James—Nunavik—Eeyou,2015-10-19
ocd-division/country:ca/ed:24002,Abitibi—Témiscamingue,Abitibi—Témiscamingue,2015-10-19
ocd-division/country:ca/ed:24003,Ahuntsic-Cartierville,Ahuntsic-Cartierville,2015-10-19
ocd-division/country:ca/ed:24004,Alfred-Pellan,Alfred-Pellan,2015-10-19
ocd-division/country:ca/ed:24005,Argenteuil—La Petite-Nation,Argenteuil—La Petite-Nation,2015-10-19
ocd-division/country:ca/ed:24006,Avignon—La Mitis—Matane—Matapédia,Avignon—La Mitis—Matane—Matapédia,2015-10-19
ocd-division/country:ca/ed:24007,Beauce,Beauce,2015-10-19
ocd-division/country:ca/ed:24008,Beauport—Limoilou,Beauport—Limoilou,2015-10-19
ocd-division/country:ca/ed:24009,Bécancour—Nicolet—Saurel,Bécancour—Nicolet—Saurel,2015-10-19
ocd-division/country:ca/ed:24010,Bellechasse—Les Etchemins—Lévis,Bellechasse—Les Etchemins—Lévis,2015-10-19
ocd-division/country:ca/ed:24011,Beloeil—Chambly,Beloeil—Chambly,2015-10-19
ocd-division/country:ca/ed:24012,Berthier—Maskinongé,Berthier—Maskinongé,2015-10-19
ocd-division/country:ca/ed:24013,Thérèse-De Blainville,Thérèse-De Blainville,2015-10-19
ocd-division/country:ca/ed:24014,Pierre-Boucher—Les Patriotes—Verchères,Pierre-Boucher—Les Patriotes—Verchères,2015-10-19
ocd-division/country:ca/ed:24015,Bourassa,Bourassa,2015-10-19
ocd-division/country:ca/ed:24016,Brome—Missisquoi,Brome—Missisquoi,2015-10-19
ocd-division/country:ca/ed:24017,Brossard—Saint-Lambert,Brossard—Saint-Lambert,2015-10-19
ocd-division/country:ca/ed:24018,Rimouski-Neigette—Témiscouata—Les Basques,Rimouski-Neigette—Témiscouata—Les Basques,2015-10-19
ocd-division/country:ca/ed:24019,Charlesbourg—Haute-Saint-Charles,Charlesbourg—Haute-Saint-Charles,2015-10-19
ocd-division/country:ca/ed:24020,Beauport—Côte-de-Beaupré—Île d'Orléans—Charlevoix,Beauport—Côte-de-Beaupré—Île d'Orléans—Charlevoix,2015-10-19
ocd-division/country:ca/ed:24021,Châteauguay—Lacolle,Châteauguay—Lacolle,2015-10-19
ocd-division/country:ca/ed:24022,Chicoutimi—Le Fjord,Chicoutimi—Le Fjord,2015-10-19
ocd-division/country:ca/ed:24023,Compton—Stanstead,Compton—Stanstead,2015-10-19
ocd-division/country:ca/ed:24024,Dorval—Lachine—LaSalle,Dorval—Lachine—LaSalle,2015-10-19
ocd-division/country:ca/ed:24025,Drummond,Drummond,2015-10-19
ocd-division/country:ca/ed:24026,Gaspésie—Les Îles-de-la-Madeleine,Gaspésie—Les Îles-de-la-Madeleine,2015-10-19
ocd-division/country:ca/ed:24027,Gatineau,Gatineau,2015-10-19
ocd-division/country:ca/ed:24028,Hochelaga,Hochelaga,2015-10-19
ocd-division/country:ca/ed:24029,Honoré-Mercier,Honoré-Mercier,2015-10-19
ocd-division/country:ca/ed:24030,Hull—Aylmer,Hull—Aylmer,2015-10-19
ocd-division/country:ca/ed:24031,Joliette,Joliette,2015-10-19
ocd-division/country:ca/ed:24032,Jonquière,Jonquière,2015-10-19
ocd-division/country:ca/ed:24033,La Pointe-de-l'Île,La Pointe-de-l'Île,2015-10-19
ocd-division/country:ca/ed:24034,La Prairie,La Prairie,2015-10-19
ocd-division/country:ca/ed:24035,Lac-Saint-Jean,Lac-Saint-Jean,2015-10-19
ocd-division/country:ca/ed:24036,Lac-Saint-Louis,Lac-Saint-Louis,2015-10-19
ocd-division/country:ca/ed:24037,LaSalle—Émard—Verdun,LaSalle—Émard—Verdun,2015-10-19
ocd-division/country:ca/ed:24038,Laurentides—Labelle,Laurentides—Labelle,2015-10-19
ocd-division/country:ca/ed:24039,Laurier—Sainte-Marie,Laurier—Sainte-Marie,2015-10-19
ocd-division/country:ca/ed:24040,Laval—Les Îles,Laval—Les Îles,2015-10-19
ocd-division/country:ca/ed:24041,Longueuil—Charles-LeMoyne,Longueuil—Charles-LeMoyne,2015-10-19
ocd-division/country:ca/ed:24042,Lévis—Lotbinière,Lévis—Lotbinière,2015-10-19
ocd-division/country:ca/ed:24043,Longueuil—Saint-Hubert,Longueuil—Saint-Hubert,2015-10-19
ocd-division/country:ca/ed:24044,Louis-Hébert,Louis-Hébert,2015-10-19
ocd-division/country:ca/ed:24045,Louis-Saint-Laurent,Louis-Saint-Laurent,2015-10-19
ocd-division/country:ca/ed:24046,Manicouagan,Manicouagan,2015-10-19
ocd-division/country:ca/ed:24047,Mégantic—L'Érable,Mégantic—L'Érable,2015-10-19
ocd-division/country:ca/ed:24048,Mirabel,Mirabel,2015-10-19
ocd-division/country:ca/ed:24049,Montarville,Montarville,2015-10-19
ocd-division/country:ca/ed:24050,Montcalm,Montcalm,2015-10-19
ocd-division/country:ca/ed:24051,Montmagny—L'Islet—Kamouraska—Rivière-du-Loup,Montmagny—L'Islet—Kamouraska—Rivière-du-Loup,2015-10-19
ocd-division/country:ca/ed:24052,Mount Royal,Mont-Royal,2015-10-19
ocd-division/country:ca/ed:24053,Notre-Dame-de-Grâce—Westmount,Notre-Dame-de-Grâce—Westmount,2015-10-19
ocd-division/country:ca/ed:24054,Outremont,Outremont,2015-10-19
ocd-division/country:ca/ed:24055,Papineau,Papineau,2015-10-19
ocd-division/country:ca/ed:24056,Pierrefonds—Dollard,Pierrefonds—Dollard,2015-10-19
ocd-division/country:ca/ed:24057,Pontiac,Pontiac,2015-10-19
ocd-division/country:ca/ed:24058,Portneuf—Jacques-Cartier,Portneuf—Jacques-Cartier,2015-10-19
ocd-division/country:ca/ed:24059,Québec,Québec,2015-10-19
ocd-division/country:ca/ed:24060,Repentigny,Repentigny,2015-10-19
ocd-division/country:ca/ed:24061,Richmond—Arthabaska,Richmond—Arthabaska,2015-10-19
ocd-division/country:ca/ed:24062,Rivière-des-Mille-Îles,Rivière-des-Mille-Îles,2015-10-19
ocd-division/country:ca/ed:24063,Rivière-du-Nord,Rivière-du-Nord,2015-10-19
ocd-division/country:ca/ed:24064,Rosemont—La Petite-Patrie,Rosemont—La Petite-Patrie,2015-10-19
ocd-division/country:ca/ed:24065,Marc-Aurèle-Fortin,Marc-Aurèle-Fortin,2015-10-19
ocd-division/country:ca/ed:24066,Saint-Hyacinthe—Bagot,Saint-Hyacinthe—Bagot,2015-10-19
ocd-division/country:ca/ed:24067,Saint-Jean,Saint-Jean,2015-10-19
ocd-division/country:ca/ed:24068,Saint-Laurent,Saint-Laurent,2015-10-19
ocd-division/country:ca/ed:24069,Saint-Léonard—Saint-Michel,Saint-Léonard—Saint-Michel,2015-10-19
ocd-division/country:ca/ed:24070,Saint-Maurice—Champlain,Saint-Maurice—Champlain,2015-10-19
ocd-division/country:ca/ed:24071,Salaberry—Suroît,Salaberry—Suroît,2015-10-19
ocd-division/country:ca/ed:24072,Shefford,Shefford,2015-10-19
ocd-division/country:ca/ed:24073,Sherbrooke,Sherbrooke,2015-10-19
ocd-division/country:ca/ed:24074,Vaudreuil—Soulanges,Vaudreuil—Soulanges,2015-10-19
ocd-division/country:ca/ed:24075,Terrebonne,Terrebonne,2015-10-19
ocd-division/country:ca/ed:24076,Trois-Rivières,Trois-Rivières,2015-10-19
ocd-division/country:ca/ed:24077,Ville-Marie—Le Sud-Ouest—Île-des-Soeurs,Ville-Marie—Le Sud-Ouest—Île-des-Soeurs,2015-10-19
ocd-division/country:ca/ed:24078,Vimy,Vimy,2015-10-19
ocd-division/country:ca/ed:35001,Ajax,Ajax,2015-10-19
ocd-division/country:ca/ed:35002,Algoma—Manitoulin—Kapuskasing,Algoma—Manitoulin—Kapuskasing,2015-10-19
ocd-division/country:ca/ed:35003,Aurora—Oak Ridges—Richmond Hill,Aurora—Oak Ridges—Richmond Hill,2015-10-19
ocd-division/country:ca/ed:35004,Barrie—Innisfil,Barrie—Innisfil,2015-10-19
ocd-division/country:ca/ed:35005,Barrie—Springwater—Oro-Medonte,Barrie—Springwater—Oro-Medonte,2015-10-19
ocd-division/country:ca/ed:35006,Bay of Quinte,Baie de Quinte,2015-10-19
ocd-division/country:ca/ed:35007,Beaches—East York,Beaches—East York,2015-10-19
ocd-division/country:ca/ed:35008,Brampton Centre,Brampton-Centre,2015-10-19
ocd-division/country:ca/ed:35009,Brampton East,Brampton-Est,2015-10-19
ocd-division/country:ca/ed:35010,Brampton North,Brampton-Nord,2015-10-19
ocd-division/country:ca/ed:35011,Brampton South,Brampton-Sud,2015-10-19
ocd-division/country:ca/ed:35012,Brampton West,Brampton-Ouest,2015-10-19
ocd-division/country:ca/ed:35013,Brantford—Brant,Brantford—Brant,2015-10-19
ocd-division/country:ca/ed:35014,Bruce—Grey—Owen Sound,Bruce—Grey—Owen Sound,2015-10-19
ocd-division/country:ca/ed:35015,Burlington,Burlington,2015-10-19
ocd-division/country:ca/ed:35016,Cambridge,Cambridge,2015-10-19
ocd-division/country:ca/ed:35017,Chatham-Kent—Leamington,Chatham-Kent—Leamington,2015-10-19
ocd-division/country:ca/ed:35018,Davenport,Davenport,2015-10-19
ocd-division/country:ca/ed:35019,Don Valley East,Don Valley-Est,2015-10-19
ocd-division/country:ca/ed:35020,Don Valley North,Don Valley-Nord,2015-10-19
ocd-division/country:ca/ed:35021,Don Valley West,Don Valley-Ouest,2015-10-19
ocd-division/country:ca/ed:35022,Dufferin—Caledon,Dufferin—Caledon,2015-10-19
ocd-division/country:ca/ed:35023,Durham,Durham,2015-10-19
ocd-division/country:ca/ed:35024,Eglinton—Lawrence,Eglinton—Lawrence,2015-10-19
ocd-division/country:ca/ed:35025,Elgin—Middlesex—London,Elgin—Middlesex—London,2015-10-19
ocd-division/country:ca/ed:35026,Essex,Essex,2015-10-19
ocd-division/country:ca/ed:35027,Etobicoke Centre,Etobicoke-Centre,2015-10-19
ocd-division/country:ca/ed:35028,Etobicoke—Lakeshore,Etobicoke—Lakeshore,2015-10-19
ocd-division/country:ca/ed:35029,Etobicoke North,Etobicoke-Nord,2015-10-19
ocd-division/country:ca/ed:35030,Flamborough—Glanbrook,Flamborough—Glanbrook,2015-10-19
ocd-division/country:ca/ed:35031,Glengarry—Prescott—Russell,Glengarry—Prescott—Russell,2015-10-19
ocd-division/country:ca/ed:35032,Guelph,Guelph,2015-10-19
ocd-division/country:ca/ed:35033,Haldimand—Norfolk,Haldimand—Norfolk,2015-10-19
ocd-division/country:ca/ed:35034,Haliburton—Kawartha Lakes—Brock,Haliburton—Kawartha Lakes—Brock,2015-10-19
ocd-division/country:ca/ed:35035,Hamilton Centre,Hamilton-Centre,2015-10-19
ocd-division/country:ca/ed:35036,Hamilton East—Stoney Creek,Hamilton-Est—Stoney Creek,2015-10-19
ocd-division/country:ca/ed:35037,Hamilton Mountain,Hamilton Mountain,2015-10-19
ocd-division/country:ca/ed:35038,Hamilton West—Ancaster—Dundas,Hamilton-Ouest—Ancaster—Dundas,2015-10-19
ocd-division/country:ca/ed:35039,Hastings—Lennox and Addington,Hastings—Lennox and Addington,2015-10-19
ocd-division/country:ca/ed:35040,Huron—Bruce,Huron—Bruce,2015-10-19
ocd-division/country:ca/ed:35041,Kanata—Carleton,Kanata—Carleton,2015-10-19
ocd-division/country:ca/ed:35042,Kenora,Kenora,2015-10-19
ocd-division/country:ca/ed:35043,King—Vaughan,King—Vaughan,2015-10-19
ocd-division/country:ca/ed:35044,Kingston and the Islands,Kingston et les Îles,2015-10-19
ocd-division/country:ca/ed:35045,Kitchener Centre,Kitchener-Centre,2015-10-19
ocd-division/country:ca/ed:35046,Kitchener—Conestoga,Kitchener—Conestoga,2015-10-19
ocd-division/country:ca/ed:35047,Kitchener South—Hespeler,Kitchener-Sud—Hespeler,2015-10-19
ocd-division/country:ca/ed:35048,Lambton—Kent—Middlesex,Lambton—Kent—Middlesex,2015-10-19
ocd-division/country:ca/ed:35049,Lanark—Frontenac—Kingston,Lanark—Frontenac—Kingston,2015-10-19
ocd-division/country:ca/ed:35050,Leeds—Grenville—Thousand Islands and Rideau Lakes,Leeds—Grenville—Thousand Islands et Rideau Lakes,2015-10-19
ocd-division/country:ca/ed:35051,London—Fanshawe,London—Fanshawe,2015-10-19
ocd-division/country:ca/ed:35052,London North Centre,London-Centre-Nord,2015-10-19
ocd-division/country:ca/ed:35053,London West,London-Ouest,2015-10-19
ocd-division/country:ca/ed:35054,Markham—Stouffville,Markham—Stouffville,2015-10-19
ocd-division/country:ca/ed:35055,Markham—Thornhill,Markham—Thornhill,2015-10-19
ocd-division/country:ca/ed:35056,Markham—Unionville,Markham—Unionville,2015-10-19
ocd-division/country:ca/ed:35057,Milton,Milton,2015-10-19
ocd-division/country:ca/ed:35058,Mississauga Centre,Mississauga-Centre,2015-10-19
ocd-division/country:ca/ed:35059,Mississauga East—Cooksville,Mississauga-Est—Cooksville,2015-10-19
ocd-division/country:ca/ed:35060,Mississauga—Erin Mills,Mississauga—Erin Mills,2015-10-19
ocd-division/country:ca/ed:35061,Mississauga—Lakeshore,Mississauga—Lakeshore,2015-10-19
ocd-division/country:ca/ed:35062,Mississauga—Malton,Mississauga—Malton,2015-10-19
ocd-division/country:ca/ed:35063,Mississauga—Streetsville,Mississauga—Streetsville,2015-10-19
ocd-division/country:ca/ed:35064,Nepean,Nepean,2015-10-19
ocd-division/country:ca/ed:35065,Newmarket—Aurora,Newmarket—Aurora,2015-10-19
ocd-division/country:ca/ed:35066,Niagara Centre,Niagara-Centre,2015-10-19
ocd-division/country:ca/ed:35067,Niagara Falls,Niagara Falls,2015-10-19
ocd-division/country:ca/ed:35068,Niagara West,Niagara-Ouest,2015-10-19
ocd-division/country:ca/ed:35069,Nickel Belt,Nickel Belt,2015-10-19
ocd-division/country:ca/ed:35070,Nipissing—Timiskaming,Nipissing—Timiskaming,2015-10-19
ocd-division/country:ca/ed:35071,Northumberland—Peterborough South,Northumberland—Peterborough-Sud,2015-10-19
ocd-division/country:ca/ed:35072,Oakville,Oakville,2015-10-19
ocd-division/country:ca/ed:35073,Oakville North—Burlington,Oakville-Nord—Burlington,2015-10-19
ocd-division/country:ca/ed:35074,Oshawa,Oshawa,2015-10-19
ocd-division/country:ca/ed:35075,Ottawa Centre,Ottawa-Centre,2015-10-19
ocd-division/country:ca/ed:35076,Orléans,Orléans,2015-10-19
ocd-division/country:ca/ed:35077,Ottawa South,Ottawa-Sud,2015-10-19
ocd-division/country:ca/ed:35078,Ottawa—Vanier,Ottawa—Vanier,2015-10-19
ocd-division/country:ca/ed:35079,Ottawa West—Nepean,Ottawa-Ouest—Nepean,2015-10-19
ocd-division/country:ca/ed:35080,Oxford,Oxford,2015-10-19
ocd-division/country:ca/ed:35081,Parkdale—High Park,Parkdale—High Park,2015-10-19
ocd-division/country:ca/ed:35082,Parry Sound—Muskoka,Parry Sound—Muskoka,2015-10-19
ocd-division/country:ca/ed:35083,Perth—Wellington,Perth—Wellington,2015-10-19
ocd-division/country:ca/ed:35084,Peterborough—Kawartha,Peterborough—Kawartha,2015-10-19
ocd-division/country:ca/ed:35085,Pickering—Uxbridge,Pickering—Uxbridge,2015-10-19
ocd-division/country:ca/ed:35086,Renfrew—Nipissing—Pembroke,Renfrew—Nipissing—Pembroke,2015-10-19
ocd-division/country:ca/ed:35087,Richmond Hill,Richmond Hill,2015-10-19
ocd-division/country:ca/ed:35088,Carleton,Carleton,2015-10-19
ocd-division/country:ca/ed:35089,St. Catharines,St. Catharines,2015-10-19
ocd-division/country:ca/ed:35090,Toronto—St. Paul's,Toronto—St. Paul's,2015-10-19
ocd-division/country:ca/ed:35091,Sarnia—Lambton,Sarnia—Lambton,2015-10-19
ocd-division/country:ca/ed:35092,Sault Ste. Marie,Sault Ste. Marie,2015-10-19
ocd-division/country:ca/ed:35093,Scarborough—Agincourt,Scarborough—Agincourt,2015-10-19
ocd-division/country:ca/ed:35094,Scarborough Centre,Scarborough-Centre,2015-10-19
ocd-division/country:ca/ed:35095,Scarborough—Guildwood,Scarborough—Guildwood,2015-10-19
ocd-division/country:ca/ed:35096,Scarborough North,Scarborough-Nord,2015-10-19
ocd-division/country:ca/ed:35097,Scarborough—Rouge Park,Scarborough—Rouge Park,2015-10-19
ocd-division/country:ca/ed:35098,Scarborough Southwest,Scarborough-Sud-Ouest,2015-10-19
ocd-division/country:ca/ed:35099,Simcoe—Grey,Simcoe—Grey,2015-10-19
ocd-division/country:ca/ed:35100,Simcoe North,Simcoe-Nord,2015-10-19
ocd-division/country:ca/ed:35101,Spadina—Fort York,Spadina—Fort York,2015-10-19
ocd-division/country:ca/ed:35102,Stormont—Dundas—South Glengarry,Stormont—Dundas—South Glengarry,2015-10-19
ocd-division/country:ca/ed:35103,Sudbury,Sudbury,2015-10-19
ocd-division/country:ca/ed:35104,Thornhill,Thornhill,2015-10-19
ocd-division/country:ca/ed:35105,Thunder Bay—Rainy River,Thunder Bay—Rainy River,2015-10-19
ocd-division/country:ca/ed:35106,Thunder Bay—Superior North,Thunder Bay—Supérieur-Nord,2015-10-19
ocd-division/country:ca/ed:35107,Timmins—James Bay,Timmins—Baie James,2015-10-19
ocd-division/country:ca/ed:35108,Toronto Centre,Toronto-Centre,2015-10-19
ocd-division/country:ca/ed:35109,Toronto—Danforth,Toronto—Danforth,2015-10-19
ocd-division/country:ca/ed:35110,University—Rosedale,University—Rosedale,2015-10-19
ocd-division/country:ca/ed:35111,Vaughan—Woodbridge,Vaughan—Woodbridge,2015-10-19
ocd-division/country:ca/ed:35112,Waterloo,Waterloo,2015-10-19
ocd-division/country:ca/ed:35113,Wellington—Halton Hills,Wellington—Halton Hills,2015-10-19
ocd-division/country:ca/ed:35114,Whitby,Whitby,2015-10-19
ocd-division/country:ca/ed:35115,Willowdale,Willowdale,2015-10-19
ocd-division/country:ca/ed:35116,Windsor—Tecumseh,Windsor—Tecumseh,2015-10-19
ocd-division/country:ca/ed:35117,Windsor West,Windsor-Ouest,2015-10-19
ocd-division/country:ca/ed:35118,York Centre,York-Centre,2015-10-19
ocd-division/country:ca/ed:35119,York—Simcoe,York—Simcoe,2015-10-19
ocd-division/country:ca/ed:35120,York South—Weston,York-Sud—Weston,2015-10-19
ocd-division/country:ca/ed:35121,Humber River—Black Creek,Humber River—Black Creek,2015-10-19
ocd-division/country:ca/ed:46001,Brandon—Souris,Brandon—Souris,2015-10-19
ocd-division/country:ca/ed:46002,Charleswood—St. James—Assiniboia—Headingley,Charleswood—St. James—Assiniboia—Headingley,2015-10-19
ocd-division/country:ca/ed:46003,Churchill—Keewatinook Aski,Churchill—Keewatinook Aski,2015-10-19
ocd-division/country:ca/ed:46004,Dauphin—Swan River—Neepawa,Dauphin—Swan River—Neepawa,2015-10-19
ocd-division/country:ca/ed:46005,Elmwood—Transcona,Elmwood—Transcona,2015-10-19
ocd-division/country:ca/ed:46006,Kildonan—St. Paul,Kildonan—St. Paul,2015-10-19
ocd-division/country:ca/ed:46007,Portage—Lisgar,Portage—Lisgar,2015-10-19
ocd-division/country:ca/ed:46008,Provencher,Provencher,2015-10-19
ocd-division/country:ca/ed:46009,Saint Boniface—Saint Vital,Saint-Boniface—Saint-Vital,2015-10-19
ocd-division/country:ca/ed:46010,Selkirk—Interlake—Eastman,Selkirk—Interlake—Eastman,2015-10-19
ocd-division/country:ca/ed:46011,Winnipeg Centre,Winnipeg-Centre,2015-10-19
ocd-division/country:ca/ed:46012,Winnipeg North,Winnipeg-Nord,2015-10-19
ocd-division/country:ca/ed:46013,Winnipeg South,Winnipeg-Sud,2015-10-19
ocd-division/country:ca/ed:46014,Winnipeg South Centre,Winnipeg-Centre-Sud,2015-10-19
ocd-division/country:ca/ed:47001,Battlefords—Lloydminster,Battlefords—Lloydminster,2015-10-19
ocd-division/country:ca/ed:47002,Cypress Hills—Grasslands,Cypress Hills—Grasslands,2015-10-19
ocd-division/country:ca/ed:47003,Desnethé—Missinippi—Churchill River,Desnethé—Missinippi—Rivière Churchill,2015-10-19
ocd-division/country:ca/ed:47004,Carlton Trail—Eagle Creek,Sentier Carlton—Eagle Creek,2015-10-19
ocd-division/country:ca/ed:47005,Moose Jaw—Lake Centre—Lanigan,Moose Jaw—Lake Centre—Lanigan,2015-10-19
ocd-division/country:ca/ed:47006,Prince Albert,Prince Albert,2015-10-19
ocd-division/country:ca/ed:47007,Regina—Lewvan,Regina—Lewvan,2015-10-19
ocd-division/country:ca/ed:47008,Regina—Qu'Appelle,Regina—Qu'Appelle,2015-10-19
ocd-division/country:ca/ed:47009,Regina—Wascana,Regina—Wascana,2015-10-19
ocd-division/country:ca/ed:47010,Saskatoon—Grasswood,Saskatoon—Grasswood,2015-10-19
ocd-division/country:ca/ed:47011,Saskatoon—University,Saskatoon—University,2015-10-19
ocd-division/country:ca/ed:47012,Saskatoon West,Saskatoon-Ouest,2015-10-19
ocd-division/country:ca/ed:47013,Souris—Moose Mountain,Souris—Moose Mountain,2015-10-19
ocd-division/country:ca/ed:47014,Yorkton—Melville,Yorkton—Melville,2015-10-19
ocd-division/country:ca/ed:48001,Banff—Airdrie,Banff—Airdrie,2015-10-19
ocd-division/country:ca/ed:48002,Battle River—Crowfoot,Battle River—Crowfoot,2015-10-19
ocd-division/country:ca/ed:48003,Bow River,Bow River,2015-10-19
ocd-division/country:ca/ed:48004,Calgary Centre,Calgary-Centre,2015-10-19
ocd-division/country:ca/ed:48005,Calgary Confederation,Calgary Confederation,2015-10-19
ocd-division/country:ca/ed:48006,Calgary Forest Lawn,Calgary Forest Lawn,2015-10-19
ocd-division/country:ca/ed:48007,Calgary Heritage,Calgary Heritage,2015-10-19
ocd-division/country:ca/ed:48008,Calgary Midnapore,Calgary Midnapore,2015-10-19
ocd-division/country:ca/ed:48009,Calgary Nose Hill,Calgary Nose Hill,2015-10-19
ocd-division/country:ca/ed:48010,Calgary Rocky Ridge,Calgary Rocky Ridge,2015-10-19
ocd-division/country:ca/ed:48011,Calgary Shepard,Calgary Shepard,2015-10-19
ocd-division/country:ca/ed:48012,Calgary Signal Hill,Calgary Signal Hill,2015-10-19
ocd-division/country:ca/ed:48013,Calgary Skyview,Calgary Skyview,2015-10-19
ocd-division/country:ca/ed:48014,Edmonton Centre,Edmonton-Centre,2015-10-19
ocd-division/country:ca/ed:48015,Edmonton Griesbach,Edmonton Griesbach,2015-10-19
ocd-division/country:ca/ed:48016,Edmonton Manning,Edmonton Manning,2015-10-19
ocd-division/country:ca/ed:48017,Edmonton Mill Woods,Edmonton Mill Woods,2015-10-19
ocd-division/country:ca/ed:48018,Edmonton Riverbend,Edmonton Riverbend,2015-10-19
ocd-division/country:ca/ed:48019,Edmonton Strathcona,Edmonton Strathcona,2015-10-19
ocd-division/country:ca/ed:48020,Edmonton West,Edmonton-Ouest,2015-10-19
ocd-division/country:ca/ed:48021,Edmonton—Wetaskiwin,Edmonton—Wetaskiwin,2015-10-19
ocd-division/country:ca/ed:48022,Foothills,Foothills,2015-10-19
ocd-division/country:ca/ed:48023,Fort McMurray—Cold Lake,Fort McMurray—Cold Lake,2015-10-19
ocd-division/country:ca/ed:48024,Grande Prairie—Mackenzie,Grande Prairie—Mackenzie,2015-10-19
ocd-division/country:ca/ed:48025,Lakeland,Lakeland,2015-10-19
ocd-division/country:ca/ed:48026,Lethbridge,Lethbridge,2015-10-19
ocd-division/country:ca/ed:48027,Medicine Hat—Cardston—Warner,Medicine Hat—Cardston—Warner,2015-10-19
ocd-division/country:ca/ed:48028,Peace River—Westlock,Peace River—Westlock,2015-10-19
ocd-division/country:ca/ed:48029,Red Deer—Mountain View,Red Deer—Mountain View,2015-10-19
ocd-division/country:ca/ed:48030,Red Deer—Lacombe,Red Deer—Lacombe,2015-10-19
ocd-division/country:ca/ed:48031,St. Albert—Edmonton,St. Albert—Edmonton,2015-10-19
ocd-division/country:ca/ed:48032,Sherwood Park—Fort Saskatchewan,Sherwood Park—Fort Saskatchewan,2015-10-19
ocd-division/country:ca/ed:48033,Sturgeon River—Parkland,Sturgeon River—Parkland,2015-10-19
ocd-division/country:ca/ed:48034,Yellowhead,Yellowhead,2015-10-19
ocd-division/country:ca/ed:59001,Abbotsford,Abbotsford,2015-10-19
ocd-division/country:ca/ed:59002,Burnaby North—Seymour,Burnaby-Nord—Seymour,2015-10-19
ocd-division/country:ca/ed:59003,Burnaby South,Burnaby-Sud,2015-10-19
ocd-division/country:ca/ed:59004,Cariboo—Prince George,Cariboo—Prince George,2015-10-19
ocd-division/country:ca/ed:59005,Central Okanagan—Similkameen—Nicola,Central Okanagan—Similkameen—Nicola,2015-10-19
ocd-division/country:ca/ed:59006,Chilliwack—Hope,Chilliwack—Hope,2015-10-19
ocd-division/country:ca/ed:59007,Cloverdale—Langley City,Cloverdale—Langley City,2015-10-19
ocd-division/country:ca/ed:59008,Coquitlam—Port Coquitlam,Coquitlam—Port Coquitlam,2015-10-19
ocd-division/country:ca/ed:59009,Courtenay—Alberni,Courtenay—Alberni,2015-10-19
ocd-division/country:ca/ed:59010,Cowichan—Malahat—Langford,Cowichan—Malahat—Langford,2015-10-19
ocd-division/country:ca/ed:59011,Delta,Delta,2015-10-19
ocd-division/country:ca/ed:59012,Fleetwood—Port Kells,Fleetwood—Port Kells,2015-10-19
ocd-division/country:ca/ed:59013,Kamloops—Thompson—Cariboo,Kamloops—Thompson—Cariboo,2015-10-19
ocd-division/country:ca/ed:59014,Kelowna—Lake Country,Kelowna—Lake Country,2015-10-19
ocd-division/country:ca/ed:59015,Kootenay—Columbia,Kootenay—Columbia,2015-10-19
ocd-division/country:ca/ed:59016,Langley—Aldergrove,Langley—Aldergrove,2015-10-19
ocd-division/country:ca/ed:59017,Mission—Matsqui—Fraser Canyon,Mission—Matsqui—Fraser Canyon,2015-10-19
ocd-division/country:ca/ed:59018,Nanaimo—Ladysmith,Nanaimo—Ladysmith,2015-10-19
ocd-division/country:ca/ed:59019,New Westminster—Burnaby,New Westminster—Burnaby,2015-10-19
ocd-division/country:ca/ed:59020,North Okanagan—Shuswap,North Okanagan—Shuswap,2015-10-19
ocd-division/country:ca/ed:59021,North Vancouver,North Vancouver,2015-10-19
ocd-division/country:ca/ed:59022,Pitt Meadows—Maple Ridge,Pitt Meadows—Maple Ridge,2015-10-19
ocd-division/country:ca/ed:59023,Port Moody—Coquitlam,Port Moody—Coquitlam,2015-10-19
ocd-division/country:ca/ed:59024,Prince George—Peace River—Northern Rockies,Prince George—Peace River—Northern Rockies,2015-10-19
ocd-division/country:ca/ed:59025,Richmond Centre,Richmond-Centre,2015-10-19
ocd-division/country:ca/ed:59026,Esquimalt—Saanich—Sooke,Esquimalt—Saanich—Sooke,2015-10-19
ocd-division/country:ca/ed:59027,Saanich—Gulf Islands,Saanich—Gulf Islands,2015-10-19
ocd-division/country:ca/ed:59028,Skeena—Bulkley Valley,Skeena—Bulkley Valley,2015-10-19
ocd-division/country:ca/ed:59029,South Okanagan—West Kootenay,Okanagan-Sud—Kootenay-Ouest,2015-10-19
ocd-division/country:ca/ed:59030,South Surrey—White Rock,Surrey-Sud—White Rock,2015-10-19
ocd-division/country:ca/ed:59031,Steveston—Richmond East,Steveston—Richmond-Est,2015-10-19
ocd-division/country:ca/ed:59032,Surrey Centre,Surrey-Centre,2015-10-19
ocd-division/country:ca/ed:59033,Surrey—Newton,Surrey—Newton,2015-10-19
ocd-division/country:ca/ed:59034,Vancouver Centre,Vancouver-Centre,2015-10-19
ocd-division/country:ca/ed:59035,Vancouver East,Vancouver-Est,2015-10-19
ocd-division/country:ca/ed:59036,Vancouver Granville,Vancouver Granville,2015-10-19
ocd-division/country:ca/ed:59037,North Island—Powell River,North Island—Powell River,2015-10-19
ocd-division/country:ca/ed:59038,Vancouver Kingsway,Vancouver Kingsway,2015-10-19
ocd-division/country:ca/ed:59039,Vancouver Quadra,Vancouver Quadra,2015-10-19
ocd-division/country:ca/ed:59040,Vancouver South,Vancouver-Sud,2015-10-19
ocd-division/country:ca/ed:59041,Victoria,Victoria,2015-10-19
ocd-division/country:ca/ed:59042,West Vancouver—Sunshine Coast—Sea to Sky Country,West Vancouver—Sunshine Coast—Sea to Sky Country,2015-10-19
ocd-division/country:ca/ed:60001,Yukon,Yukon,2015-10-19
ocd-division/country:ca/ed:61001,Northwest Territories,Territoires du Nord-Ouest,2015-10-19
ocd-division/country:ca/ed:62001,Nunavut,Nunavut,2015-10-19
