id,name,ordnance_id,sameAs
ocd-division/country:uk/ute:fairwood,Fairwood,W05000966,
ocd-division/country:uk/ute:cockett,Cockett,W05000963,
ocd-division/country:uk/ute:clydach,Clydach,W05000962,
ocd-division/country:uk/ute:penclawdd,Penclawdd,W05000974,
ocd-division/country:uk/ute:gower,Gower,W05000524,
ocd-division/country:uk/ute:llangyfelach,Llangyfelach,W05000970,
ocd-division/country:uk/ute:mawr,Mawr,W05000533,
ocd-division/country:uk/ute:pennard,Pennard,W05000977,
ocd-division/country:uk/ute:west_cross,West Cross,W05000550,
ocd-division/country:uk/ute:mayals,Mayals,W05000534,
ocd-division/country:uk/ute:sketty,Sketty,W05000546,
ocd-division/country:uk/ute:st_thomas,St. Thomas,W05000545,
ocd-division/country:uk/ute:bonymaen,Bonymaen,W05000960,
ocd-division/country:uk/ute:gowerton,Gowerton,W05000525,
ocd-division/country:uk/ute:kingsbridge,Kingsbridge,W05000968,
ocd-division/country:uk/ute:penllergaer,Penllergaer,W05000976,
ocd-division/country:uk/ute:penyrheol,Penyrheol,W05000978,
ocd-division/country:uk/ute:mynyddbach,Mynyddbach,W05000973,
ocd-division/country:uk/ute:morriston,Morriston,W05000972,
ocd-division/country:uk/ute:llansamlet,Llansamlet,W05000971,
ocd-division/country:uk/ute:pontardulais,Pontardulais,W05000544,
ocd-division/country:uk/ute:oystermouth,Oystermouth,W05000538,
ocd-division/country:uk/ute:bishopston,Bishopston,W05000959,
ocd-division/country:uk/ute:newton,Newton,W05000537,
ocd-division/country:uk/ute:killay_south,Killay South,W05000527,
ocd-division/country:uk/ute:killay_north,Killay North,W05000526,
ocd-division/country:uk/ute:dunvant,Dunvant,W05000965,
ocd-division/country:uk/ute:uplands,Uplands,W05000548,
ocd-division/country:uk/ute:castle,Castle,W05000961,
ocd-division/country:uk/ute:townhill,Townhill,W05000979,
ocd-division/country:uk/ute:cwmbwrla,Cwmbwrla,W05000964,
ocd-division/country:uk/ute:landore,Landore,W05000969,
ocd-division/country:uk/ute:lower_loughor,Lower Loughor,W05000532,
ocd-division/country:uk/ute:upper_loughor,Upper Loughor,W05000980,
ocd-division/country:uk/ute:gorseinon,Gorseinon,W05000967,
ocd-division/country:uk/ute:penderry,Penderry,W05000975,
ocd-division/country:uk/ute:sirhowy,Sirhowy,W05000764,
ocd-division/country:uk/ute:llanhilleth,Llanhilleth,W05000761,
ocd-division/country:uk/ute:six_bells,Six Bells,W05000765,
ocd-division/country:uk/ute:abertillery,Abertillery,W05000751,
ocd-division/country:uk/ute:tredegar_central_and_west,Tredegar Central and West,W05000766,
ocd-division/country:uk/ute:georgetown,Georgetown,W05000760,
ocd-division/country:uk/ute:cwmtillery,Cwmtillery,W05000941,
ocd-division/country:uk/ute:cwm,Cwm,W05000940,
ocd-division/country:uk/ute:blaina,Blaina,W05000938,
ocd-division/country:uk/ute:ebbw_vale_south,Ebbw Vale South,W05000943,
ocd-division/country:uk/ute:badminton,Badminton,W05000936,
ocd-division/country:uk/ute:nantyglo,Nantyglo,W05000944,
ocd-division/country:uk/ute:brynmawr,Brynmawr,W05000939,
ocd-division/country:uk/ute:rassau,Rassau,W05000945,
ocd-division/country:uk/ute:ebbw_vale_north,Ebbw Vale North,W05000942,
ocd-division/country:uk/ute:beaufort,Beaufort,W05000937,
ocd-division/country:uk/ute:llantwit_major,Llantwit Major,W05000645,
ocd-division/country:uk/ute:peterston-super-ely,Peterston-super-Ely,W05000646,
ocd-division/country:uk/ute:st_athan,St. Athan,W05000649,
ocd-division/country:uk/ute:baruc,Baruc,W05000632,
ocd-division/country:uk/ute:dyfan,Dyfan,W05000640,
ocd-division/country:uk/ute:sully,Sully,W05000935,
ocd-division/country:uk/ute:cadoc,Cadoc,W05000634,
ocd-division/country:uk/ute:st_brides_major,St. Bride's Major,W05000651,
ocd-division/country:uk/ute:llandow~ewenny,Llandow/Ewenny,W05000644,
ocd-division/country:uk/ute:rhoose,Rhoose,W05000648,
ocd-division/country:uk/ute:cowbridge,Cowbridge,W05000638,
ocd-division/country:uk/ute:wenvoe,Wenvoe,W05000654,
ocd-division/country:uk/ute:dinas_powys,Dinas Powys,W05000932,
ocd-division/country:uk/ute:st_augustines,St. Augustine's,W05000650,
ocd-division/country:uk/ute:castleland,Castleland,W05000635,
ocd-division/country:uk/ute:illtyd,Illtyd,W05000642,
ocd-division/country:uk/ute:buttrills,Buttrills,W05000633,
ocd-division/country:uk/ute:gibbonsdown,Gibbonsdown,W05000641,
ocd-division/country:uk/ute:court,Court,W05000637,
ocd-division/country:uk/ute:plymouth,Plymouth,W05000934,
ocd-division/country:uk/ute:llandough,Llandough,W05000933,
ocd-division/country:uk/ute:stanwell,Stanwell,W05000652,
ocd-division/country:uk/ute:cornerswell,Cornerswell,W05000636,
ocd-division/country:uk/ute:lisvane,Lisvane,W05000865,
ocd-division/country:uk/ute:ely,Ely,W05000860,
ocd-division/country:uk/ute:creigiau~st_fagans,Creigiau/St. Fagans,W05000858,
ocd-division/country:uk/ute:pentyrch,Pentyrch,W05000871,
ocd-division/country:uk/ute:grangetown,Grangetown,W05000863,
ocd-division/country:uk/ute:splott,Splott,W05000879,
ocd-division/country:uk/ute:whitchurch_and_tongwynlais,Whitchurch and Tongwynlais,W05000881,
ocd-division/country:uk/ute:rumney,Rumney,W05001015,
ocd-division/country:uk/ute:trowbridge,Trowbridge,W05001016,
ocd-division/country:uk/ute:pontprennau~old_st_mellons,Pontprennau/Old St. Mellons,W05000900,
ocd-division/country:uk/ute:caerau,Caerau,W05000855,
ocd-division/country:uk/ute:fairwater,Fairwater,W05000861,
ocd-division/country:uk/ute:llandaff,Llandaff,W05000866,
ocd-division/country:uk/ute:radyr,Radyr,W05000875,
ocd-division/country:uk/ute:canton,Canton,W05000856,
ocd-division/country:uk/ute:riverside,Riverside,W05000877,
ocd-division/country:uk/ute:llandaff_north,Llandaff North,W05000867,
ocd-division/country:uk/ute:gabalfa,Gabalfa,W05000862,
ocd-division/country:uk/ute:cathays,Cathays,W05000857,
ocd-division/country:uk/ute:adamsdown,Adamsdown,W05000853,
ocd-division/country:uk/ute:plasnewydd,Plasnewydd,W05000873,
ocd-division/country:uk/ute:penylan,Penylan,W05000872,
ocd-division/country:uk/ute:heath,Heath,W05000864,
ocd-division/country:uk/ute:cyncoed,Cyncoed,W05001011,
ocd-division/country:uk/ute:pentwyn,Pentwyn,W05001014,
ocd-division/country:uk/ute:rhiwbina,Rhiwbina,W05000876,
ocd-division/country:uk/ute:llanishen,Llanishen,W05001012,
ocd-division/country:uk/ute:llanrumney,Llanrumney,W05001013,
ocd-division/country:uk/ute:twyn_carno,Twyn Carno,W05000748,
ocd-division/country:uk/ute:aber_valley,Aber Valley,W05000720,
ocd-division/country:uk/ute:st_martins,St. Martins,W05000931,
ocd-division/country:uk/ute:bedwas_trethomas_and_machen,"Bedwas, Trethomas and Machen",W05000723,
ocd-division/country:uk/ute:ynysddu,Ynysddu,W05000749,
ocd-division/country:uk/ute:st_james,St. James,W05000930,
ocd-division/country:uk/ute:abercarn,Abercarn,W05000719,
ocd-division/country:uk/ute:darren_valley,Darren Valley,W05000728,
ocd-division/country:uk/ute:new_tredegar,New Tredegar,W05000737,
ocd-division/country:uk/ute:newbridge,Newbridge,W05000736,
ocd-division/country:uk/ute:crumlin,Crumlin,W05000920,
ocd-division/country:uk/ute:argoed,Argoed,W05000721,
ocd-division/country:uk/ute:morgan_jones,Morgan Jones,W05000923,
ocd-division/country:uk/ute:llanbradach,Llanbradach,W05000921,
ocd-division/country:uk/ute:nelson,Nelson,W05000735,
ocd-division/country:uk/ute:maesycwmmer,Maesycwmmer,W05000922,
ocd-division/country:uk/ute:ystrad_mynach,Ystrad Mynach,W05000750,
ocd-division/country:uk/ute:crosskeys,Crosskeys,W05000726,
ocd-division/country:uk/ute:pontllanfraith,Pontllanfraith,W05000927,
ocd-division/country:uk/ute:risca_west,Risca West,W05000929,
ocd-division/country:uk/ute:risca_east,Risca East,W05000928,
ocd-division/country:uk/ute:st_cattwg,St. Cattwg,W05000745,
ocd-division/country:uk/ute:pengam,Pengam,W05000924,
ocd-division/country:uk/ute:aberbargoed,Aberbargoed,W05000718,
ocd-division/country:uk/ute:pontlottyn,Pontlottyn,W05000742,
ocd-division/country:uk/ute:moriah,Moriah,W05000734,
ocd-division/country:uk/ute:blackwood,Blackwood,W05000724,
ocd-division/country:uk/ute:penmaen,Penmaen,W05000925,
ocd-division/country:uk/ute:hengoed,Hengoed,W05000730,
ocd-division/country:uk/ute:cefn_fforest,Cefn Fforest,W05000919,
ocd-division/country:uk/ute:gilfach,Gilfach,W05000729,
ocd-division/country:uk/ute:bargoed,Bargoed,W05000722,
ocd-division/country:uk/ute:langstone,Langstone,W05000840,
ocd-division/country:uk/ute:llanwern,Llanwern,W05000842,
ocd-division/country:uk/ute:graig,Graig,W05000839,
ocd-division/country:uk/ute:marshfield,Marshfield,W05000844,
ocd-division/country:uk/ute:bettws,Bettws,W05000836,
ocd-division/country:uk/ute:liswerry,Liswerry,W05000841,
ocd-division/country:uk/ute:caerleon,Caerleon,W05000837,
ocd-division/country:uk/ute:pillgwenlly,Pillgwenlly,W05000845,
ocd-division/country:uk/ute:rogerstone,Rogerstone,W05000847,
ocd-division/country:uk/ute:allt-yr-yn,Allt-yr-Yn,W05000833,
ocd-division/country:uk/ute:shaftesbury,Shaftesbury,W05000849,
ocd-division/country:uk/ute:st_julians,St. Julians,W05000848,
ocd-division/country:uk/ute:alway,Alway,W05000834,
ocd-division/country:uk/ute:ringland,Ringland,W05000846,
ocd-division/country:uk/ute:tredegar_park,Tredegar Park,W05000851,
ocd-division/country:uk/ute:gaer,Gaer,W05000838,
ocd-division/country:uk/ute:stow_hill,Stow Hill,W05000850,
ocd-division/country:uk/ute:victoria,Victoria,W05000852,
ocd-division/country:uk/ute:malpas,Malpas,W05000843,
ocd-division/country:uk/ute:beechwood,Beechwood,W05000835,
ocd-division/country:uk/ute:baglan,Baglan,W05001027,
ocd-division/country:uk/ute:margam,Margam,W05001030,
ocd-division/country:uk/ute:bryn_and_cwmavon,Bryn and Cwmavon,W05001029,
ocd-division/country:uk/ute:cadoxton,Cadoxton,W05000561,
ocd-division/country:uk/ute:rhos,Rhos,W05000585,
ocd-division/country:uk/ute:pontardawe,Pontardawe,W05000582,
ocd-division/country:uk/ute:pelenna,Pelenna,W05000581,
ocd-division/country:uk/ute:cymmer,Cymmer,W05000568,
ocd-division/country:uk/ute:glyncorrwg,Glyncorrwg,W05000570,
ocd-division/country:uk/ute:crynant,Crynant,W05000566,
ocd-division/country:uk/ute:resolven,Resolven,W05000584,
ocd-division/country:uk/ute:seven_sisters,Seven Sisters,W05001034,
ocd-division/country:uk/ute:glynneath,Glynneath,W05000571,
ocd-division/country:uk/ute:onllwyn,Onllwyn,W05001031,
ocd-division/country:uk/ute:lower_brynamman,Lower Brynamman,W05000575,
ocd-division/country:uk/ute:aberavon,Aberavon,W05000551,
ocd-division/country:uk/ute:coedffranc_west,Coedffranc West,W05000565,
ocd-division/country:uk/ute:briton_ferry_west,Briton Ferry West,W05000557,
ocd-division/country:uk/ute:neath_east,Neath East,W05000577,
ocd-division/country:uk/ute:tai-bach,Tai-bach,W05001035,
ocd-division/country:uk/ute:port_talbot,Port Talbot,W05001032,
ocd-division/country:uk/ute:neath_north,Neath North,W05000578,
ocd-division/country:uk/ute:dyffryn,Dyffryn,W05000569,
ocd-division/country:uk/ute:trebanos,Trebanos,W05000591,
ocd-division/country:uk/ute:allt-wen,Allt-Wen,W05000553,
ocd-division/country:uk/ute:bryn-coch_north,Bryn-Coch North,W05000559,
ocd-division/country:uk/ute:gwaun-cae-gurwen,Gwaun-Cae-Gurwen,W05000573,
ocd-division/country:uk/ute:ystalyfera,Ystalyfera,W05000592,
ocd-division/country:uk/ute:cwmllynfell,Cwmllynfell,W05000567,
ocd-division/country:uk/ute:tonna,Tonna,W05000590,
ocd-division/country:uk/ute:aberdulais,Aberdulais,W05000552,
ocd-division/country:uk/ute:gwynfi,Gwynfi,W05000574,
ocd-division/country:uk/ute:blaengwrach,Blaengwrach,W05000555,
ocd-division/country:uk/ute:sandfields_west,Sandfields West,W05000587,
ocd-division/country:uk/ute:sandfields_east,Sandfields East,W05001033,
ocd-division/country:uk/ute:coedffranc_central,Coedffranc Central,W05000563,
ocd-division/country:uk/ute:briton_ferry_east,Briton Ferry East,W05001028,
ocd-division/country:uk/ute:neath_south,Neath South,W05000579,
ocd-division/country:uk/ute:cimla,Cimla,W05000562,
ocd-division/country:uk/ute:coedffranc_north,Coedffranc North,W05000564,
ocd-division/country:uk/ute:bryn-coch_south,Bryn-Coch South,W05000560,
ocd-division/country:uk/ute:godrer_graig,Godre'r Graig,W05000572,
ocd-division/country:uk/ute:betws_yn_rhos,Betws yn Rhos,W05000114,
ocd-division/country:uk/ute:uwchaled,Uwchaled,W05000149,
ocd-division/country:uk/ute:llangernyw,Llangernyw,W05000132,
ocd-division/country:uk/ute:betws-y-coed,Betws-y-Coed,W05000113,
ocd-division/country:uk/ute:trefriw,Trefriw,W05000146,
ocd-division/country:uk/ute:caerhun,Caerhun,W05000116,
ocd-division/country:uk/ute:eglwysbach,Eglwysbach,W05000123,
ocd-division/country:uk/ute:uwch_conwy,Uwch Conwy,W05000148,
ocd-division/country:uk/ute:llansannan,Llansannan,W05000134,
ocd-division/country:uk/ute:gogarth,Gogarth,W05000127,
ocd-division/country:uk/ute:crwst,Crwst,W05000121,
ocd-division/country:uk/ute:bryn,Bryn,W05000115,
ocd-division/country:uk/ute:pandy,Pandy,W05000139,
ocd-division/country:uk/ute:pant-yr-afon~penmaenan,Pant-yr-Afon/Penmaenan,W05000140,
ocd-division/country:uk/ute:conwy,Conwy,W05000119,
ocd-division/country:uk/ute:mostyn,Mostyn,W05000138,
ocd-division/country:uk/ute:penrhyn,Penrhyn,W05000916,
ocd-division/country:uk/ute:llansanffraid,Llansanffraid,W05000133,
ocd-division/country:uk/ute:mochdre,Mochdre,W05000137,
ocd-division/country:uk/ute:rhiw,Rhiw,W05000144,
ocd-division/country:uk/ute:gele,Gele,W05000125,
ocd-division/country:uk/ute:kinmel_bay,Kinmel Bay,W05000129,
ocd-division/country:uk/ute:capelulo,Capelulo,W05000117,
ocd-division/country:uk/ute:deganwy,Deganwy,W05000914,
ocd-division/country:uk/ute:pensarn,Pensarn,W05000917,
ocd-division/country:uk/ute:marl,Marl,W05000915,
ocd-division/country:uk/ute:tudno,Tudno,W05000918,
ocd-division/country:uk/ute:craig-y-don,Craig-y-Don,W05000913,
ocd-division/country:uk/ute:eirias,Eirias,W05000124,
ocd-division/country:uk/ute:llysfaen,Llysfaen,W05000135,
ocd-division/country:uk/ute:llanddulas,Llanddulas,W05000130,
ocd-division/country:uk/ute:llandrillo_yn_rhos,Llandrillo yn Rhos,W05000131,
ocd-division/country:uk/ute:glyn,Glyn,W05000126,
ocd-division/country:uk/ute:pentre_mawr,Pentre Mawr,W05000143,
ocd-division/country:uk/ute:abergele_pensarn,Abergele Pensarn,W05000112,
ocd-division/country:uk/ute:towyn,Towyn,W05000145,
ocd-division/country:uk/ute:colwyn,Colwyn,W05000118,
ocd-division/country:uk/ute:trelawny,Trelawny,E05009274,
ocd-division/country:uk/ute:menheniot,Menheniot,E05009211,
ocd-division/country:uk/ute:lanivet_and_blisland,Lanivet and Blisland,E05009195,
ocd-division/country:uk/ute:st_issey_and_st_tudy,St. Issey and St. Tudy,E05009255,
ocd-division/country:uk/ute:poundstock,Poundstock,E05009234,
ocd-division/country:uk/ute:breage_germoe_and_sithney,"Breage, Germoe and Sithney",E05009163,
ocd-division/country:uk/ute:st_keverne_and_meneage,St. Keverne and Meneage,E05009259,
ocd-division/country:uk/ute:rame_peninsular,Rame Peninsular,E05009236,
ocd-division/country:uk/ute:crowan_and_wendron,Crowan and Wendron,E05009176,
ocd-division/country:uk/ute:chacewater_kenwyn_and_baldhu,"Chacewater, Kenwyn and Baldhu",E05009174,
ocd-division/country:uk/ute:perranporth,Perranporth,E05009231,
ocd-division/country:uk/ute:ladock_st_clement_and_st_erme,"Ladock, St. Clement and St. Erme",E05009194,
ocd-division/country:uk/ute:probus_tregony_and_grampound,"Probus, Tregony and Grampound",E05009235,
ocd-division/country:uk/ute:mevagissey,Mevagissey,E05009212,
ocd-division/country:uk/ute:fowey_and_tywardreath,Fowey and Tywardreath,E05009184,
ocd-division/country:uk/ute:st_columb_major,St. Columb Major,E05009250,
ocd-division/country:uk/ute:wadebridge_east,Wadebridge East,E05009279,
ocd-division/country:uk/ute:st_teath_and_st_breward,St. Teath and St. Breward,E05009264,
ocd-division/country:uk/ute:lostwithiel,Lostwithiel,E05009206,
ocd-division/country:uk/ute:st_germans_and_landulph,St. Germans and Landulph,E05009254,
ocd-division/country:uk/ute:st_cleer,St. Cleer,E05009249,
ocd-division/country:uk/ute:camelford,Camelford,E05009172,
ocd-division/country:uk/ute:altarnun,Altarnun,E05009159,
ocd-division/country:uk/ute:lynher,Lynher,E05009208,
ocd-division/country:uk/ute:stokeclimsland,Stokeclimsland,E05009269,
ocd-division/country:uk/ute:launceston_north_and_north_petherwin,Launceston North and North Petherwin,E05009198,
ocd-division/country:uk/ute:grenville_and_stratton,Grenville and Stratton,E05009185,
ocd-division/country:uk/ute:marazion_and_perranuthnoe,Marazion and Perranuthnoe,E05009210,
ocd-division/country:uk/ute:constantine_mawnan_and_budock,"Constantine, Mawnan and Budock",E05009175,
ocd-division/country:uk/ute:st_ives_west,St. Ives West,E05009257,
ocd-division/country:uk/ute:hayle_south,Hayle South,E05009190,
ocd-division/country:uk/ute:camborne_treswithian,Camborne Treswithian,E05009171,
ocd-division/country:uk/ute:camborne_treslothan,Camborne Treslothan,E05009170,
ocd-division/country:uk/ute:pool_and_tehidy,Pool and Tehidy,E05009232,
ocd-division/country:uk/ute:illogan,Illogan,E05009193,
ocd-division/country:uk/ute:redruth_north,Redruth North,E05009238,
ocd-division/country:uk/ute:mount_hawke_and_portreath,Mount Hawke and Portreath,E05009214,
ocd-division/country:uk/ute:lanner_and_stithians,Lanner and Stithians,E05009196,
ocd-division/country:uk/ute:mabe_perranarworthal_and_st_gluvias,"Mabe, Perranarworthal and St. Gluvias",E05009209,
ocd-division/country:uk/ute:penryn_east_and_mylor,Penryn East and Mylor,E05009225,
ocd-division/country:uk/ute:carharrack_gwennap_and_st_day,"Carharrack, Gwennap and St. Day",E05009173,
ocd-division/country:uk/ute:feock_and_playing_place,Feock and Playing Place,E05009182,
ocd-division/country:uk/ute:newlyn_and_goonhavern,Newlyn and Goonhavern,E05009216,
ocd-division/country:uk/ute:st_mewan,St. Mewan,E05009261,
ocd-division/country:uk/ute:st_stephen-in-brannel,St. Stephen-In-Brannel,E05009263,
ocd-division/country:uk/ute:st_enoder,St. Enoder,E05009253,
ocd-division/country:uk/ute:st_dennis_and_nanpean,St. Dennis and Nanpean,E05009251,
ocd-division/country:uk/ute:roche,Roche,E05009240,
ocd-division/country:uk/ute:st_austell_bay,St. Austell Bay,E05009243,
ocd-division/country:uk/ute:penwithick_and_boscoppa,Penwithick and Boscoppa,E05009227,
ocd-division/country:uk/ute:bugle,Bugle,E05009165,
ocd-division/country:uk/ute:st_blazey,St. Blazey,E05009247,
ocd-division/country:uk/ute:saltash_west,Saltash West,E05009268,
ocd-division/country:uk/ute:st_mawgan_and_colan,St. Mawgan and Colan,E05009260,
ocd-division/country:uk/ute:liskeard_west_and_dobwalls,Liskeard West and Dobwalls,E05009203,
ocd-division/country:uk/ute:st_dominick_harrowbarrow_and_kelly_bray,"St. Dominick, Harrowbarrow and Kelly Bray",E05009252,
ocd-division/country:uk/ute:newlyn_and_mousehole,Newlyn and Mousehole,E05009217,
ocd-division/country:uk/ute:gulval_and_heamoor,Gulval and Heamoor,E05009186,
ocd-division/country:uk/ute:porthleven_and_helston_west,Porthleven and Helston West,E05009233,
ocd-division/country:uk/ute:helston_south,Helston South,E05009192,
ocd-division/country:uk/ute:falmouth_boslowick,Falmouth Boslowick,E05009178,
ocd-division/country:uk/ute:falmouth_arwenack,Falmouth Arwenack,E05009177,
ocd-division/country:uk/ute:st_ives_east,St. Ives East,E05009256,
ocd-division/country:uk/ute:lelant_and_carbis_bay,Lelant and Carbis Bay,E05009200,
ocd-division/country:uk/ute:hayle_north,Hayle North,E05009189,
ocd-division/country:uk/ute:camborne_pendarves,Camborne Pendarves,E05009167,
ocd-division/country:uk/ute:camborne_roskear,Camborne Roskear,E05009168,
ocd-division/country:uk/ute:four_lanes,Four Lanes,E05009183,
ocd-division/country:uk/ute:threemilestone_and_gloweth,Threemilestone and Gloweth,E05009270,
ocd-division/country:uk/ute:truro_trehaverne,Truro Trehaverne,E05009278,
ocd-division/country:uk/ute:truro_boscawen,Truro Boscawen,E05009275,
ocd-division/country:uk/ute:newquay_pentire,Newquay Pentire,E05009219,
ocd-division/country:uk/ute:newquay_central,Newquay Central,E05009218,
ocd-division/country:uk/ute:newquay_tretherras,Newquay Tretherras,E05009221,
ocd-division/country:uk/ute:par_and_st_blazey_gate,Par and St. Blazey Gate,E05009224,
ocd-division/country:uk/ute:looe_east,Looe East,E05009204,
ocd-division/country:uk/ute:saltash_north,Saltash North,E05009266,
ocd-division/country:uk/ute:saltash_east,Saltash East,E05009265,
ocd-division/country:uk/ute:wadebridge_west,Wadebridge West,E05009280,
ocd-division/country:uk/ute:bodmin_st_marys,Bodmin St. Mary's,E05009161,
ocd-division/country:uk/ute:bodmin_st_leonard,Bodmin St. Leonard,E05009160,
ocd-division/country:uk/ute:bodmin_st_petroc,Bodmin St. Petroc,E05009162,
ocd-division/country:uk/ute:liskeard_north,Liskeard North,E05009202,
ocd-division/country:uk/ute:callington,Callington,E05009166,
ocd-division/country:uk/ute:gunnislake_and_calstock,Gunnislake and Calstock,E05009187,
ocd-division/country:uk/ute:launceston_south,Launceston South,E05009199,
ocd-division/country:uk/ute:launceston_central,Launceston Central,E05009197,
ocd-division/country:uk/ute:bude,Bude,E05009164,
ocd-division/country:uk/ute:penzance_promenade,Penzance Promenade,E05009230,
ocd-division/country:uk/ute:penzance_east,Penzance East,E05009229,
ocd-division/country:uk/ute:helston_north,Helston North,E05009191,
ocd-division/country:uk/ute:falmouth_smithick,Falmouth Smithick,E05009180,
ocd-division/country:uk/ute:penryn_west,Penryn West,E05009226,
ocd-division/country:uk/ute:falmouth_trescobeas,Falmouth Trescobeas,E05009181,
ocd-division/country:uk/ute:falmouth_penwerris,Falmouth Penwerris,E05009179,
ocd-division/country:uk/ute:camborne_trelowarren,Camborne Trelowarren,E05009169,
ocd-division/country:uk/ute:redruth_south,Redruth South,E05009239,
ocd-division/country:uk/ute:redruth_central,Redruth Central,E05009237,
ocd-division/country:uk/ute:truro_redannick,Truro Redannick,E05009276,
ocd-division/country:uk/ute:truro_tregolls,Truro Tregolls,E05009277,
ocd-division/country:uk/ute:newquay_treloggan,Newquay Treloggan,E05009220,
ocd-division/country:uk/ute:newquay_treviglas,Newquay Treviglas,E05009222,
ocd-division/country:uk/ute:st_austell_gover,St. Austell Gover,E05009245,
ocd-division/country:uk/ute:mount_charles,Mount Charles,E05009213,
ocd-division/country:uk/ute:st_austell_poltair,St. Austell Poltair,E05009246,
ocd-division/country:uk/ute:st_austell_bethel,St. Austell Bethel,E05009244,
ocd-division/country:uk/ute:torpoint_west,Torpoint West,E05009273,
ocd-division/country:uk/ute:torpoint_east,Torpoint East,E05009272,
ocd-division/country:uk/ute:saltash_south,Saltash South,E05009267,
ocd-division/country:uk/ute:liskeard_east,Liskeard East,E05009201,
ocd-division/country:uk/ute:tintagel_det,Tintagel (DET),E05009271,
ocd-division/country:uk/ute:penzance_central,Penzance Central,E05009228,
ocd-division/country:uk/ute:barnard_castle_east,Barnard Castle East,E05009034,
ocd-division/country:uk/ute:barnard_castle_west,Barnard Castle West,E05009035,
ocd-division/country:uk/ute:blackhalls,Blackhalls,E05009040,
ocd-division/country:uk/ute:evenwood,Evenwood,E05009062,
ocd-division/country:uk/ute:sedgefield,Sedgefield,E05009078,
ocd-division/country:uk/ute:trimdon_and_thornley,Trimdon and Thornley,E05009086,
ocd-division/country:uk/ute:lanchester,Lanchester,E05009066,
ocd-division/country:uk/ute:weardale,Weardale,E05009088,
ocd-division/country:uk/ute:esh_and_witton_gilbert,Esh and Witton Gilbert,E05009061,
ocd-division/country:uk/ute:deerness,Deerness,E05009055,
ocd-division/country:uk/ute:aycliffe_east,Aycliffe East,E05009031,
ocd-division/country:uk/ute:crook,Crook,E05009053,
ocd-division/country:uk/ute:willington_and_hunwick,Willington and Hunwick,E05009090,
ocd-division/country:uk/ute:tow_law,Tow Law,E05009085,
ocd-division/country:uk/ute:brandon,Brandon,E05009041,
ocd-division/country:uk/ute:ferryhill,Ferryhill,E05009063,
ocd-division/country:uk/ute:wingate,Wingate,E05009091,
ocd-division/country:uk/ute:durham_south,Durham South,E05009058,
ocd-division/country:uk/ute:coxhoe,Coxhoe,E05009051,
ocd-division/country:uk/ute:sherburn,Sherburn,E05009079,
ocd-division/country:uk/ute:shotton_and_south_hetton,Shotton and South Hetton,E05009081,
ocd-division/country:uk/ute:easington,Easington,E05009059,
ocd-division/country:uk/ute:leadgate_and_medomsley,Leadgate and Medomsley,E05009067,
ocd-division/country:uk/ute:sacriston,Sacriston,E05009076,
ocd-division/country:uk/ute:craghead_and_south_moor,Craghead and South Moor,E05009052,
ocd-division/country:uk/ute:pelton,Pelton,E05009073,
ocd-division/country:uk/ute:west_auckland,West Auckland,E05009089,
ocd-division/country:uk/ute:aycliffe_west,Aycliffe West,E05009033,
ocd-division/country:uk/ute:shildon_and_dene_valley,Shildon and Dene Valley,E05009080,
ocd-division/country:uk/ute:bishop_auckland_town,Bishop Auckland Town,E05009038,
ocd-division/country:uk/ute:aycliffe_north_and_middridge,Aycliffe North and Middridge,E05009032,
ocd-division/country:uk/ute:chilton,Chilton,E05009047,
ocd-division/country:uk/ute:consett_south,Consett South,E05009049,
ocd-division/country:uk/ute:coundon,Coundon,E05009050,
ocd-division/country:uk/ute:spennymoor,Spennymoor,E05009082,
ocd-division/country:uk/ute:tudhoe,Tudhoe,E05009087,
ocd-division/country:uk/ute:nevilles_cross,Neville's Cross,E05009070,
ocd-division/country:uk/ute:framwellgate_and_newton_hall,Framwellgate and Newton Hall,E05009064,
ocd-division/country:uk/ute:bishop_middleham_and_cornforth,Bishop Middleham and Cornforth,E05009039,
ocd-division/country:uk/ute:belmont,Belmont,E05009036,
ocd-division/country:uk/ute:peterlee_east,Peterlee East,E05009074,
ocd-division/country:uk/ute:horden,Horden,E05009065,
ocd-division/country:uk/ute:murton,Murton,E05009069,
ocd-division/country:uk/ute:annfield_plain,Annfield Plain,E05009030,
ocd-division/country:uk/ute:burnopfield_and_dipton,Burnopfield and Dipton,E05009042,
ocd-division/country:uk/ute:tanfield,Tanfield,E05009084,
ocd-division/country:uk/ute:chester-le-street_south,Chester-le-Street South,E05009045,
ocd-division/country:uk/ute:chester-le-street_west_central,Chester-le-Street West Central,E05009046,
ocd-division/country:uk/ute:north_lodge,North Lodge,E05009071,
ocd-division/country:uk/ute:lumley,Lumley,E05009068,
ocd-division/country:uk/ute:seaham,Seaham,E05009077,
ocd-division/country:uk/ute:woodhouse_close,Woodhouse Close,E05009092,
ocd-division/country:uk/ute:delves_lane,Delves Lane,E05009056,
ocd-division/country:uk/ute:benfieldside,Benfieldside,E05009037,
ocd-division/country:uk/ute:consett_north,Consett North,E05009048,
ocd-division/country:uk/ute:elvet_and_gilesgate,Elvet and Gilesgate,E05009060,
ocd-division/country:uk/ute:passfield,Passfield,E05009072,
ocd-division/country:uk/ute:peterlee_west,Peterlee West,E05009075,
ocd-division/country:uk/ute:deneside,Deneside,E05009057,
ocd-division/country:uk/ute:dawdon,Dawdon,E05009054,
ocd-division/country:uk/ute:stanley,Stanley,E05009083,
ocd-division/country:uk/ute:chester-le-street_east,Chester-le-Street East,E05009043,
ocd-division/country:uk/ute:chester-le-street_north,Chester-le-Street North,E05009044,
ocd-division/country:uk/ute:llangelynin,Llangelynin,W05000081,
ocd-division/country:uk/ute:bryn-crug~llanfihangel,Bryn-crug/Llanfihangel,W05000053,
ocd-division/country:uk/ute:corris~mawddwy,Corris/Mawddwy,W05000056,
ocd-division/country:uk/ute:brithdir_and_llanfachreth~ganllwyd~llanelltyd,Brithdir and Llanfachreth/Ganllwyd/Llanelltyd,W05000052,
ocd-division/country:uk/ute:llandderfel,Llandderfel,W05000079,
ocd-division/country:uk/ute:penrhyndeudraeth,Penrhyndeudraeth,W05000095,
ocd-division/country:uk/ute:trawsfynydd,Trawsfynydd,W05000106,
ocd-division/country:uk/ute:llanuwchllyn,Llanuwchllyn,W05000084,
ocd-division/country:uk/ute:dolbenmaen,Dolbenmaen,W05000063,
ocd-division/country:uk/ute:botwnnog,Botwnnog,W05000050,
ocd-division/country:uk/ute:tywyn,Tywyn,W05000109,
ocd-division/country:uk/ute:aberdovey,Aberdovey,W05000042,
ocd-division/country:uk/ute:dolgellau_north,Dolgellau North,W05000064,
ocd-division/country:uk/ute:dyffryn_ardudwy,Dyffryn Ardudwy,W05000066,
ocd-division/country:uk/ute:llanbedr,Llanbedr,W05000076,
ocd-division/country:uk/ute:tudweiliog,Tudweiliog,W05000108,
ocd-division/country:uk/ute:efail-newydd~buan,Efail-newydd/Buan,W05000067,
ocd-division/country:uk/ute:abererch,Abererch,W05000043,
ocd-division/country:uk/ute:llanystumdwy,Llanystumdwy,W05000086,
ocd-division/country:uk/ute:llanaelhaearn,Llanaelhaearn,W05000075,
ocd-division/country:uk/ute:clynnog,Clynnog,W05000055,
ocd-division/country:uk/ute:llanwnda,Llanwnda,W05000085,
ocd-division/country:uk/ute:harlech,Harlech,W05000072,
ocd-division/country:uk/ute:porthmadog-tremadog,Porthmadog-Tremadog,W05000100,
ocd-division/country:uk/ute:teigl,Teigl,W05000105,
ocd-division/country:uk/ute:bowydd_and_rhiw,Bowydd and Rhiw,W05000051,
ocd-division/country:uk/ute:waunfawr,Waunfawr,W05000110,
ocd-division/country:uk/ute:llanberis,Llanberis,W05000078,
ocd-division/country:uk/ute:tregarth_mynydd_llandygai,Tregarth & Mynydd Llandygai,W05000107,
ocd-division/country:uk/ute:arllechwedd,Arllechwedd,W05000046,
ocd-division/country:uk/ute:abersoch,Abersoch,W05000045,
ocd-division/country:uk/ute:llanbedrog,Llanbedrog,W05000077,
ocd-division/country:uk/ute:abermaw,Abermaw,W05000044,
ocd-division/country:uk/ute:dolgellau_south,Dolgellau South,W05000065,
ocd-division/country:uk/ute:morfa_nefyn,Morfa Nefyn,W05000090,
ocd-division/country:uk/ute:criccieth,Criccieth,W05000057,
ocd-division/country:uk/ute:penygroes,Penygroes,W05000097,
ocd-division/country:uk/ute:llanllyfni,Llanllyfni,W05000082,
ocd-division/country:uk/ute:talysarn,Talysarn,W05000104,
ocd-division/country:uk/ute:groeslon,Groeslon,W05000071,
ocd-division/country:uk/ute:bontnewydd,Bontnewydd,W05000049,
ocd-division/country:uk/ute:cwm-y-glo,Cwm-y-Glo,W05000058,
ocd-division/country:uk/ute:y_felinheli,Y Felinheli,W05000111,
ocd-division/country:uk/ute:bethel,Bethel,W05000048,
ocd-division/country:uk/ute:porthmadog_west,Porthmadog West,W05000099,
ocd-division/country:uk/ute:penisarwaun,Penisarwaun,W05000094,
ocd-division/country:uk/ute:deiniolen,Deiniolen,W05000060,
ocd-division/country:uk/ute:gerlan,Gerlan,W05000069,
ocd-division/country:uk/ute:pentir,Pentir,W05000096,
ocd-division/country:uk/ute:pwllheli_south,Pwllheli South,W05000102,
ocd-division/country:uk/ute:nefyn,Nefyn,W05000091,
ocd-division/country:uk/ute:pwllheli_north,Pwllheli North,W05000101,
ocd-division/country:uk/ute:seiont,Seiont,W05000103,
ocd-division/country:uk/ute:peblig_caernarfon,Peblig (Caernarfon),W05000093,
ocd-division/country:uk/ute:cadnant,Cadnant,W05000054,
ocd-division/country:uk/ute:menai_caernarfon,Menai (Caernarfon),W05000089,
ocd-division/country:uk/ute:llanrug,Llanrug,W05000083,
ocd-division/country:uk/ute:porthmadog_east,Porthmadog East,W05000098,
ocd-division/country:uk/ute:diffwys_and_maenofferen,Diffwys and Maenofferen,W05000062,
ocd-division/country:uk/ute:bala,Bala,W05000047,
ocd-division/country:uk/ute:ogwen,Ogwen,W05000092,
ocd-division/country:uk/ute:hendre,Hendre,W05000073,
ocd-division/country:uk/ute:glyder,Glyder,W05000070,
ocd-division/country:uk/ute:dewi,Dewi,W05000061,
ocd-division/country:uk/ute:marchog,Marchog,W05000087,
ocd-division/country:uk/ute:menai_bangor,Menai (Bangor),W05000088,
ocd-division/country:uk/ute:garth,Garth,W05000068,
ocd-division/country:uk/ute:deiniol,Deiniol,W05000059,
ocd-division/country:uk/ute:hirael,Hirael,W05000074,
ocd-division/country:uk/ute:chale_niton_and_whitwell,"Chale, Niton and Whitwell",E05008484,
ocd-division/country:uk/ute:godshill_and_wroxall,Godshill and Wroxall,E05008492,
ocd-division/country:uk/ute:west_wight,West Wight,E05008515,
ocd-division/country:uk/ute:carisbrooke,Carisbrooke,E05008482,
ocd-division/country:uk/ute:central_wight,Central Wight,E05008483,
ocd-division/country:uk/ute:arreton_and_newchurch,Arreton and Newchurch,E05008479,
ocd-division/country:uk/ute:ventnor_west,Ventnor West,E05008514,
ocd-division/country:uk/ute:shanklin_south,Shanklin South,E05008511,
ocd-division/country:uk/ute:freshwater_south,Freshwater South,E05008491,
ocd-division/country:uk/ute:newport_south,Newport South,E05008500,
ocd-division/country:uk/ute:parkhurst,Parkhurst,E05008502,
ocd-division/country:uk/ute:newport_north,Newport North,E05008499,
ocd-division/country:uk/ute:wootton_bridge,Wootton Bridge,E05008517,
ocd-division/country:uk/ute:havenstreet_ashey_and_haylands,"Havenstreet, Ashey and Haylands",E05008493,
ocd-division/country:uk/ute:ryde_east,Ryde East,E05008503,
ocd-division/country:uk/ute:cowes_south_and_northwood,Cowes South and Northwood,E05008487,
ocd-division/country:uk/ute:whippingham_and_osborne,Whippingham and Osborne,E05008516,
ocd-division/country:uk/ute:east_cowes,East Cowes,E05008489,
ocd-division/country:uk/ute:ventnor_east,Ventnor East,E05008513,
ocd-division/country:uk/ute:shanklin_central,Shanklin Central,E05008510,
ocd-division/country:uk/ute:lake_south,Lake South,E05008495,
ocd-division/country:uk/ute:lake_north,Lake North,E05008494,
ocd-division/country:uk/ute:freshwater_north,Freshwater North,E05008490,
ocd-division/country:uk/ute:newport_west,Newport West,E05008501,
ocd-division/country:uk/ute:newport_east,Newport East,E05008498,
ocd-division/country:uk/ute:sandown_north,Sandown North,E05008508,
ocd-division/country:uk/ute:binstead_and_fishbourne,Binstead and Fishbourne,E05008480,
ocd-division/country:uk/ute:ryde_north_west,Ryde North West,E05008505,
ocd-division/country:uk/ute:ryde_north_east,Ryde North East,E05008504,
ocd-division/country:uk/ute:cowes_west_and_gurnard,Cowes West and Gurnard,E05008488,
ocd-division/country:uk/ute:sandown_south,Sandown South,E05008509,
ocd-division/country:uk/ute:newport_central,Newport Central,E05008497,
ocd-division/country:uk/ute:ryde_west,Ryde West,E05008507,
ocd-division/country:uk/ute:ryde_south,Ryde South,E05008506,
ocd-division/country:uk/ute:cowes_north,Cowes North,E05008486,
ocd-division/country:uk/ute:cowes_medina,Cowes Medina,E05008485,
ocd-division/country:uk/ute:vaynor,Vaynor,W05000895,
ocd-division/country:uk/ute:merthyr_vale,Merthyr Vale,W05000711,
ocd-division/country:uk/ute:bedlinog,Bedlinog,W05000707,
ocd-division/country:uk/ute:cyfarthfa,Cyfarthfa,W05000708,
ocd-division/country:uk/ute:town,Town,W05000715,
ocd-division/country:uk/ute:dowlais,Dowlais,W05000709,
ocd-division/country:uk/ute:treharris,Treharris,W05000716,
ocd-division/country:uk/ute:park,Park,W05000712,
ocd-division/country:uk/ute:gurnos,Gurnos,W05000710,
ocd-division/country:uk/ute:penydarren,Penydarren,W05000713,
ocd-division/country:uk/ute:haydon_and_hadrian,Haydon and Hadrian,E05009122,
ocd-division/country:uk/ute:south_tynedale,South Tynedale,E05009154,
ocd-division/country:uk/ute:humshaugh,Humshaugh,E05009128,
ocd-division/country:uk/ute:rothbury,Rothbury,E05009148,
ocd-division/country:uk/ute:bellingham,Bellingham,E05009101,
ocd-division/country:uk/ute:longhorsley,Longhorsley,E05009131,
ocd-division/country:uk/ute:wooler,Wooler,E05009158,
ocd-division/country:uk/ute:norham_and_islandshires,Norham and Islandshires,E05009139,
ocd-division/country:uk/ute:longhoughton,Longhoughton,E05009132,
ocd-division/country:uk/ute:haltwhistle,Haltwhistle,E05009119,
ocd-division/country:uk/ute:corbridge,Corbridge,E05009109,
ocd-division/country:uk/ute:bywell,Bywell,E05009106,
ocd-division/country:uk/ute:ponteland_west,Ponteland West,E05009145,
ocd-division/country:uk/ute:ponteland_north,Ponteland North,E05009143,
ocd-division/country:uk/ute:ponteland_east_and_stannington,Ponteland East and Stannington,E05009142,
ocd-division/country:uk/ute:pegswood,Pegswood,E05009140,
ocd-division/country:uk/ute:shilbottle,Shilbottle,E05009151,
ocd-division/country:uk/ute:druridge_bay,Druridge Bay,E05009118,
ocd-division/country:uk/ute:amble_west_with_warkworth,Amble West with Warkworth,E05009095,
ocd-division/country:uk/ute:alnwick,Alnwick,E05009093,
ocd-division/country:uk/ute:berwick_north,Berwick North,E05009103,
ocd-division/country:uk/ute:stocksfield_and_broomhaugh,Stocksfield and Broomhaugh,E05009156,
ocd-division/country:uk/ute:hexham_central_with_acomb,Hexham Central with Acomb,E05009123,
ocd-division/country:uk/ute:ponteland_south_with_heddon,Ponteland South with Heddon,E05009144,
ocd-division/country:uk/ute:cramlington_west,Cramlington West,E05009116,
ocd-division/country:uk/ute:seghill_with_seaton_delaval,Seghill with Seaton Delaval,E05009150,
ocd-division/country:uk/ute:sleekburn,Sleekburn,E05009152,
ocd-division/country:uk/ute:bothal,Bothal,E05009105,
ocd-division/country:uk/ute:newbiggin_central_and_east,Newbiggin Central and East,E05009137,
ocd-division/country:uk/ute:berwick_west_with_ord,Berwick West with Ord,E05009104,
ocd-division/country:uk/ute:hexham_west,Hexham West,E05009125,
ocd-division/country:uk/ute:hexham_east,Hexham East,E05009124,
ocd-division/country:uk/ute:prudhoe_south,Prudhoe South,E05009147,
ocd-division/country:uk/ute:prudhoe_north,Prudhoe North,E05009146,
ocd-division/country:uk/ute:morpeth_kirkhill,Morpeth Kirkhill,E05009134,
ocd-division/country:uk/ute:morpeth_north,Morpeth North,E05009135,
ocd-division/country:uk/ute:cramlington_village,Cramlington Village,E05009115,
ocd-division/country:uk/ute:holywell,Holywell,E05009127,
ocd-division/country:uk/ute:hartley,Hartley,E05009120,
ocd-division/country:uk/ute:newsham,Newsham,E05009138,
ocd-division/country:uk/ute:bedlington_west,Bedlington West,E05009100,
ocd-division/country:uk/ute:bedlington_central,Bedlington Central,E05009098,
ocd-division/country:uk/ute:bedlington_east,Bedlington East,E05009099,
ocd-division/country:uk/ute:kitty_brewster,Kitty Brewster,E05009130,
ocd-division/country:uk/ute:choppington,Choppington,E05009107,
ocd-division/country:uk/ute:stakeford,Stakeford,E05009155,
ocd-division/country:uk/ute:seaton_with_newbiggin_west,Seaton with Newbiggin West,E05009149,
ocd-division/country:uk/ute:hirst,Hirst,E05009126,
ocd-division/country:uk/ute:lynemouth,Lynemouth,E05009133,
ocd-division/country:uk/ute:berwick_east,Berwick East,E05009102,
ocd-division/country:uk/ute:morpeth_stobhill,Morpeth Stobhill,E05009136,
ocd-division/country:uk/ute:cramlington_south_east,Cramlington South East,E05009114,
ocd-division/country:uk/ute:cramlington_east,Cramlington East,E05009111,
ocd-division/country:uk/ute:cramlington_eastfield,Cramlington Eastfield,E05009112,
ocd-division/country:uk/ute:cramlington_north,Cramlington North,E05009113,
ocd-division/country:uk/ute:cowpen,Cowpen,E05009110,
ocd-division/country:uk/ute:south_blyth,South Blyth,E05009153,
ocd-division/country:uk/ute:plessey,Plessey,E05009141,
ocd-division/country:uk/ute:croft,Croft,E05009117,
ocd-division/country:uk/ute:wensleydale,Wensleydale,E05009157,
ocd-division/country:uk/ute:haydon,Haydon,E05009121,
ocd-division/country:uk/ute:college,College,E05009108,
ocd-division/country:uk/ute:isabella,Isabella,E05009129,
ocd-division/country:uk/ute:ashington_central,Ashington Central,E05009096,
ocd-division/country:uk/ute:cornelly,Cornelly,W05000605,
ocd-division/country:uk/ute:bryntirion_laleston_and_merthyr_mawr,"Bryntirion, laleston and Merthyr Mawr",W05000897,
ocd-division/country:uk/ute:coychurch_lower,Coychurch Lower,W05000898,
ocd-division/country:uk/ute:penprysg,Penprysg,W05000623,
ocd-division/country:uk/ute:blackmill,Blackmill,W05000595,
ocd-division/country:uk/ute:aberkenfig,Aberkenfig,W05000593,
ocd-division/country:uk/ute:bryncethin,Bryncethin,W05000598,
ocd-division/country:uk/ute:llangeinor,Llangeinor,W05000610,
ocd-division/country:uk/ute:llangynwyd,Llangynwyd,W05000612,
ocd-division/country:uk/ute:maesteg_east,Maesteg East,W05000613,
ocd-division/country:uk/ute:ogmore_vale,Ogmore Vale,W05000620,
ocd-division/country:uk/ute:rest_bay,Rest Bay,W05000629,
ocd-division/country:uk/ute:nottage,Nottage,W05000619,
ocd-division/country:uk/ute:pyle,Pyle,W05000628,
ocd-division/country:uk/ute:cefn_cribwr,Cefn Cribwr,W05000602,
ocd-division/country:uk/ute:oldcastle,Oldcastle,W05000899,
ocd-division/country:uk/ute:llangewydd_and_brynhyfryd,Llangewydd and Brynhyfryd,W05000611,
ocd-division/country:uk/ute:morfa,Morfa,W05000615,
ocd-division/country:uk/ute:pen-y-fai,Pen-y-Fai,W05000624,
ocd-division/country:uk/ute:ynysawdre,Ynysawdre,W05000631,
ocd-division/country:uk/ute:bryncoch,Bryncoch,W05000599,
ocd-division/country:uk/ute:felindre,Felindre,W05000607,
ocd-division/country:uk/ute:coity,Coity,W05000604,
ocd-division/country:uk/ute:maesteg_west,Maesteg West,W05000614,
ocd-division/country:uk/ute:pontycymmer,Pontycymmer,W05000625,
ocd-division/country:uk/ute:blaengarw,Blaengarw,W05000596,
ocd-division/country:uk/ute:nant-y-moel,Nant-y-Moel,W05000616,
ocd-division/country:uk/ute:porthcawl_west_central,Porthcawl West Central,W05000627,
ocd-division/country:uk/ute:porthcawl_east_central,Porthcawl East Central,W05000626,
ocd-division/country:uk/ute:newcastle,Newcastle,W05000617,
ocd-division/country:uk/ute:cefn_glas,Cefn Glas,W05000603,
ocd-division/country:uk/ute:brackla,Brackla,W05000896,
ocd-division/country:uk/ute:pendre,Pendre,W05000622,
ocd-division/country:uk/ute:litchard,Litchard,W05000609,
ocd-division/country:uk/ute:sarn,Sarn,W05000630,
ocd-division/country:uk/ute:maescar~llywel,Maescar/Llywel,W05000331,
ocd-division/country:uk/ute:llanwrtyd_wells,Llanwrtyd Wells,W05000328,
ocd-division/country:uk/ute:llanafanfawr,Llanafanfawr,W05000307,
ocd-division/country:uk/ute:llanelwedd,Llanelwedd,W05000316,
ocd-division/country:uk/ute:glantwymyn,Glantwymyn,W05000300,
ocd-division/country:uk/ute:banwy,Banwy,W05000285,
ocd-division/country:uk/ute:tawe-uchaf,Tawe-Uchaf,W05000349,
ocd-division/country:uk/ute:llanrhaeadr-ym-mochnant~llansilin,Llanrhaeadr-ym-Mochnant/Llansilin,W05000326,
ocd-division/country:uk/ute:talybont-on-usk,Talybont-on-Usk,W05000894,
ocd-division/country:uk/ute:crickhowell,Crickhowell,W05000294,
ocd-division/country:uk/ute:yscir,Yscir,W05000355,
ocd-division/country:uk/ute:felin-fach,Felin-Fach,W05000298,
ocd-division/country:uk/ute:bronllys,Bronllys,W05000289,
ocd-division/country:uk/ute:gwernyfed,Gwernyfed,W05000303,
ocd-division/country:uk/ute:glasbury,Glasbury,W05000301,
ocd-division/country:uk/ute:old_radnor,Old Radnor,W05000340,
ocd-division/country:uk/ute:rhayader,Rhayader,W05000342,
ocd-division/country:uk/ute:blaen_hafren,Blaen Hafren,W05000288,
ocd-division/country:uk/ute:llanbrynmair,Llanbrynmair,W05000309,
ocd-division/country:uk/ute:nantmel,Nantmel,W05000334,
ocd-division/country:uk/ute:llangunllo,Llangunllo,W05000322,
ocd-division/country:uk/ute:beguildy,Beguildy,W05000286,
ocd-division/country:uk/ute:llandinam,Llandinam,W05000310,
ocd-division/country:uk/ute:kerry,Kerry,W05000305,
ocd-division/country:uk/ute:dolforwyn,Dolforwyn,W05000297,
ocd-division/country:uk/ute:knighton,Knighton,W05000306,
ocd-division/country:uk/ute:caersws,Caersws,W05000292,
ocd-division/country:uk/ute:rhiwcynon,Rhiwcynon,W05000343,
ocd-division/country:uk/ute:llanfair_caereinion,Llanfair Caereinion,W05000317,
ocd-division/country:uk/ute:llanfihangel,Llanfihangel,W05000318,
ocd-division/country:uk/ute:llanwddyn,Llanwddyn,W05000325,
ocd-division/country:uk/ute:meifod,Meifod,W05000332,
ocd-division/country:uk/ute:llandrinio,Llandrinio,W05000314,
ocd-division/country:uk/ute:cwm-twrch,Cwm-Twrch,W05000295,
ocd-division/country:uk/ute:ystradgynlais,Ystradgynlais,W05000356,
ocd-division/country:uk/ute:aber-craf,Aber-Craf,W05000284,
ocd-division/country:uk/ute:llangynidr,Llangynidr,W05000893,
ocd-division/country:uk/ute:llangattock,Llangattock,W05000320,
ocd-division/country:uk/ute:llangors,Llangors,W05000321,
ocd-division/country:uk/ute:bwlch,Bwlch,W05000291,
ocd-division/country:uk/ute:talgarth,Talgarth,W05000347,
ocd-division/country:uk/ute:disserth_and_trecoed,Disserth and Trecoed,W05000296,
ocd-division/country:uk/ute:llanyre,Llanyre,W05000329,
ocd-division/country:uk/ute:llanbadarn_fawr,Llanbadarn Fawr,W05000308,
ocd-division/country:uk/ute:presteigne,Presteigne,W05000341,
ocd-division/country:uk/ute:newtown_llanllwchaiarn_west,Newtown Llanllwchaiarn West,W05000338,
ocd-division/country:uk/ute:churchstoke,Churchstoke,W05000293,
ocd-division/country:uk/ute:montgomery,Montgomery,W05000333,
ocd-division/country:uk/ute:berriew,Berriew,W05000287,
ocd-division/country:uk/ute:welshpool_castle,Welshpool Castle,W05000351,
ocd-division/country:uk/ute:forden,Forden,W05000299,
ocd-division/country:uk/ute:guilsfield,Guilsfield,W05000302,
ocd-division/country:uk/ute:welshpool_gungrog,Welshpool Gungrog,W05000352,
ocd-division/country:uk/ute:trewern,Trewern,W05000350,
ocd-division/country:uk/ute:llanfyllin,Llanfyllin,W05000319,
ocd-division/country:uk/ute:llansantffraid,Llansantffraid,W05000327,
ocd-division/country:uk/ute:llandysilio,Llandysilio,W05000315,
ocd-division/country:uk/ute:st_david_within,St. David Within,W05000344,
ocd-division/country:uk/ute:st_mary,St. Mary,W05000346,
ocd-division/country:uk/ute:llandrindod_south,Llandrindod South,W05000313,
ocd-division/country:uk/ute:llandrindod_north,Llandrindod North,W05000312,
ocd-division/country:uk/ute:llanidloes,Llanidloes,W05000324,
ocd-division/country:uk/ute:newtown_east,Newtown East,W05000336,
ocd-division/country:uk/ute:newtown_llanllwchaiarn_north,Newtown Llanllwchaiarn North,W05000337,
ocd-division/country:uk/ute:welshpool_llanerchyddol,Welshpool Llanerchyddol,W05000353,
ocd-division/country:uk/ute:ynyscedwyn,Ynyscedwyn,W05000354,
ocd-division/country:uk/ute:st_john,St. John,W05000345,
ocd-division/country:uk/ute:builth,Builth,W05000290,
ocd-division/country:uk/ute:hay,Hay,W05000304,
ocd-division/country:uk/ute:llandrindod_east~llandrindod_west,Llandrindod East/Llandrindod West,W05000311,
ocd-division/country:uk/ute:machynlleth,Machynlleth,W05000330,
ocd-division/country:uk/ute:newtown_south,Newtown South,W05000339,
ocd-division/country:uk/ute:newtown_central,Newtown Central,W05000335,
ocd-division/country:uk/ute:rhigos,Rhigos,W05000688,
ocd-division/country:uk/ute:pont-y-clun,Pont-y-Clun,W05000891,
ocd-division/country:uk/ute:llantrisant_town,Llantrisant Town,W05001022,
ocd-division/country:uk/ute:treherbert,Treherbert,W05000700,
ocd-division/country:uk/ute:maerdy,Maerdy,W05000678,
ocd-division/country:uk/ute:aberdare_west~llwydcoed,Aberdare West/Llwydcoed,W05000659,
ocd-division/country:uk/ute:ynysybwl,Ynysybwl,W05000705,
ocd-division/country:uk/ute:mountain_ash_east,Mountain Ash East,W05001024,
ocd-division/country:uk/ute:aberaman_south,Aberaman South,W05001017,
ocd-division/country:uk/ute:brynna,Brynna,W05000661,
ocd-division/country:uk/ute:tonyrefail_west,Tonyrefail West,W05000696,
ocd-division/country:uk/ute:gilfach_goch,Gilfach Goch,W05000668,
ocd-division/country:uk/ute:pen-y-graig,Pen-y-Graig,W05000683,
ocd-division/country:uk/ute:cwm_clydach,Cwm Clydach,W05000664,
ocd-division/country:uk/ute:ystrad,Ystrad,W05000706,
ocd-division/country:uk/ute:llwyn-y-pia,Llwyn-y-Pia,W05000677,
ocd-division/country:uk/ute:llanharry,Llanharry,W05000890,
ocd-division/country:uk/ute:llanharan,Llanharan,W05000889,
ocd-division/country:uk/ute:llantwit_fardre,Llantwit Fardre,W05001023,
ocd-division/country:uk/ute:ton-teg,Ton-Teg,W05000693,
ocd-division/country:uk/ute:taffs_well,Taffs Well,W05000691,
ocd-division/country:uk/ute:tonyrefail_east,Tonyrefail East,W05000695,
ocd-division/country:uk/ute:treforest,Treforest,W05000699,
ocd-division/country:uk/ute:rhydfelen_central~ilan,Rhydfelen Central/Ilan,W05000690,
ocd-division/country:uk/ute:ynyshir,Ynyshir,W05000704,
ocd-division/country:uk/ute:rhondda,Rhondda,W05000689,
ocd-division/country:uk/ute:hawthorn,Hawthorn,W05000671,
ocd-division/country:uk/ute:treorchy,Treorchy,W05000701,
ocd-division/country:uk/ute:pentre,Pentre,W05000682,
ocd-division/country:uk/ute:aberaman_north,Aberaman North,W05000655,
ocd-division/country:uk/ute:hirwaun,Hirwaun,W05000672,
ocd-division/country:uk/ute:tylorstown,Tylorstown,W05000702,
ocd-division/country:uk/ute:abercynon,Abercynon,W05000657,
ocd-division/country:uk/ute:aberdare_east,Aberdare East,W05000658,
ocd-division/country:uk/ute:cwmbach,Cwmbach,W05001020,
ocd-division/country:uk/ute:tonypandy,Tonypandy,W05000694,
ocd-division/country:uk/ute:trealaw,Trealaw,W05000698,
ocd-division/country:uk/ute:talbot_green,Talbot Green,W05001025,
ocd-division/country:uk/ute:beddau,Beddau,W05001018,
ocd-division/country:uk/ute:tyn-y-nant,Tyn-y-Nant,W05001026,
ocd-division/country:uk/ute:church_village,Church Village,W05001019,
ocd-division/country:uk/ute:pontypridd_town,Pontypridd Town,W05000686,
ocd-division/country:uk/ute:trallwng,Trallwng,W05000697,
ocd-division/country:uk/ute:porth,Porth,W05000687,
ocd-division/country:uk/ute:glyncoch,Glyncoch,W05000669,
ocd-division/country:uk/ute:cilfynydd,Cilfynydd,W05000663,
ocd-division/country:uk/ute:ferndale,Ferndale,W05000667,
ocd-division/country:uk/ute:pen-y-waun,Pen-y-Waun,W05000684,
ocd-division/country:uk/ute:penrhiwceiber,Penrhiwceiber,W05000681,
ocd-division/country:uk/ute:mountain_ash_west,Mountain Ash West,W05000680,
ocd-division/country:uk/ute:clun,Clun,E05008156,
ocd-division/country:uk/ute:church_stretton_and_craven_arms,Church Stretton and Craven Arms,E05008153,
ocd-division/country:uk/ute:bishops_castle,Bishop's Castle,E05008143,
ocd-division/country:uk/ute:market_drayton_east,Market Drayton East,E05008169,
ocd-division/country:uk/ute:corvedale,Corvedale,E05008158,
ocd-division/country:uk/ute:cleobury_mortimer,Cleobury Mortimer,E05008155,
ocd-division/country:uk/ute:brown_clee,Brown Clee,E05008148,
ocd-division/country:uk/ute:much_wenlock,Much Wenlock,E05008174,
ocd-division/country:uk/ute:alveley_and_claverley,Alveley and Claverley,E05008138,
ocd-division/country:uk/ute:chirbury_and_worthen,Chirbury and Worthen,E05008152,
ocd-division/country:uk/ute:loton,Loton,E05008165,
ocd-division/country:uk/ute:llanymynech,Llanymynech,E05008163,
ocd-division/country:uk/ute:burnell,Burnell,E05008149,
ocd-division/country:uk/ute:severn_valley,Severn Valley,E05008186,
ocd-division/country:uk/ute:shawbury,Shawbury,E05008187,
ocd-division/country:uk/ute:the_meres,The Meres,E05008192,
ocd-division/country:uk/ute:ludlow_north,Ludlow North,E05008167,
ocd-division/country:uk/ute:clee,Clee,E05008154,
ocd-division/country:uk/ute:bridgnorth_east_and_astley_abbotts,Bridgnorth East and Astley Abbotts,E05008145,
ocd-division/country:uk/ute:worfield,Worfield,E05008198,
ocd-division/country:uk/ute:albrighton,Albrighton,E05008137,
ocd-division/country:uk/ute:rea_valley,Rea Valley,E05008172,
ocd-division/country:uk/ute:longden,Longden,E05008164,
ocd-division/country:uk/ute:st_oswald,St. Oswald,E05009286,
ocd-division/country:uk/ute:whittington,Whittington,E05009287,
ocd-division/country:uk/ute:ruyton_and_baschurch,Ruyton and Baschurch,E05009285,
ocd-division/country:uk/ute:gobowen_selattyn_and_weston_rhyn,"Gobowen, Selattyn and Weston Rhyn",E05009281,
ocd-division/country:uk/ute:tern,Tern,E05008191,
ocd-division/country:uk/ute:shifnal_south_and_cosford,Shifnal South and Cosford,E05008189,
ocd-division/country:uk/ute:shifnal_north,Shifnal North,E05008188,
ocd-division/country:uk/ute:hodnet,Hodnet,E05008162,
ocd-division/country:uk/ute:wem,Wem,E05008194,
ocd-division/country:uk/ute:whitchurch_south,Whitchurch South,E05008196,
ocd-division/country:uk/ute:prees,Prees,E05008179,
ocd-division/country:uk/ute:cheswardine,Cheswardine,E05008151,
ocd-division/country:uk/ute:ludlow_south,Ludlow South,E05008168,
ocd-division/country:uk/ute:highley,Highley,E05008161,
ocd-division/country:uk/ute:bridgnorth_west_and_tasley,Bridgnorth West and Tasley,E05008146,
ocd-division/country:uk/ute:broseley,Broseley,E05008147,
ocd-division/country:uk/ute:bagley,Bagley,E05008139,
ocd-division/country:uk/ute:oswestry_east,Oswestry East,E05009282,
ocd-division/country:uk/ute:bayston_hill_column_and_sutton,"Bayston Hill, Column and Sutton",E05008141,
ocd-division/country:uk/ute:whitchurch_north,Whitchurch North,E05008195,
ocd-division/country:uk/ute:ludlow_east,Ludlow East,E05008166,
ocd-division/country:uk/ute:meole,Meole,E05008171,
ocd-division/country:uk/ute:radbrook,Radbrook,E05008181,
ocd-division/country:uk/ute:belle_vue,Belle Vue,E05008142,
ocd-division/country:uk/ute:bowbrook,Bowbrook,E05008144,
ocd-division/country:uk/ute:copthorne,Copthorne,E05008157,
ocd-division/country:uk/ute:porthill,Porthill,E05008178,
ocd-division/country:uk/ute:quarry_and_coton_hill,Quarry and Coton Hill,E05008180,
ocd-division/country:uk/ute:oswestry_south,Oswestry South,E05009283,
ocd-division/country:uk/ute:ellesmere_urban,Ellesmere Urban,E05008159,
ocd-division/country:uk/ute:abbey,Abbey,E05008136,
ocd-division/country:uk/ute:castlefields_and_ditherington,Castlefields and Ditherington,E05008150,
ocd-division/country:uk/ute:underdale,Underdale,E05008193,
ocd-division/country:uk/ute:sundorne,Sundorne,E05008190,
ocd-division/country:uk/ute:monkmoor,Monkmoor,E05008173,
ocd-division/country:uk/ute:harlescott,Harlescott,E05008160,
ocd-division/country:uk/ute:battlefield,Battlefield,E05008140,
ocd-division/country:uk/ute:market_drayton_west,Market Drayton West,E05008170,
ocd-division/country:uk/ute:oswestry_west,Oswestry West,E05009284,
ocd-division/country:uk/ute:martletwy,Martletwy,W05000957,
ocd-division/country:uk/ute:clydau,Clydau,W05000402,
ocd-division/country:uk/ute:maenclochog,Maenclochog,W05000422,
ocd-division/country:uk/ute:scleddau,Scleddau,W05000451,
ocd-division/country:uk/ute:crymych,Crymych,W05000950,
ocd-division/country:uk/ute:lamphey,Lamphey,W05000418,
ocd-division/country:uk/ute:the_havens,The Havens,W05000455,
ocd-division/country:uk/ute:burton,Burton,W05000947,
ocd-division/country:uk/ute:manorbier,Manorbier,W05000423,
ocd-division/country:uk/ute:carew,Carew,W05000400,
ocd-division/country:uk/ute:penally,Penally,W05000445,
ocd-division/country:uk/ute:east_williamston,East Williamston,W05000952,
ocd-division/country:uk/ute:kilgetty~begelly,Kilgetty/Begelly,W05000955,
ocd-division/country:uk/ute:narberth_rural,Narberth Rural,W05000433,
ocd-division/country:uk/ute:amroth,Amroth,W05000946,
ocd-division/country:uk/ute:lampeter_velfrey,Lampeter Velfrey,W05000417,
ocd-division/country:uk/ute:camrose,Camrose,W05000948,
ocd-division/country:uk/ute:wiston,Wiston,W05000456,
ocd-division/country:uk/ute:llanrhian,Llanrhian,W05000421,
ocd-division/country:uk/ute:letterston,Letterston,W05000419,
ocd-division/country:uk/ute:dinas_cross,Dinas Cross,W05000951,
ocd-division/country:uk/ute:st_dogmaels,St. Dogmaels,W05000448,
ocd-division/country:uk/ute:cilgerran,Cilgerran,W05000949,
ocd-division/country:uk/ute:neyland~_west,Neyland: West,W05000436,
ocd-division/country:uk/ute:pembroke~_st_michael,Pembroke: St. Michael,W05000444,
ocd-division/country:uk/ute:johnston,Johnston,W05000415,
ocd-division/country:uk/ute:merlins_bridge,Merlin's Bridge,W05000425,
ocd-division/country:uk/ute:haverfordwest~_priory,Haverfordwest: Priory,W05000413,
ocd-division/country:uk/ute:llangwm,Llangwm,W05000956,
ocd-division/country:uk/ute:tenby~_north,Tenby: North,W05000453,
ocd-division/country:uk/ute:rudbaxton,Rudbaxton,W05000958,
ocd-division/country:uk/ute:newport,Newport,W05000434,
ocd-division/country:uk/ute:pembroke~_monkton,Pembroke: Monkton,W05000441,
ocd-division/country:uk/ute:pembroke_dock~_pennar,Pembroke Dock: Pennar,W05000440,
ocd-division/country:uk/ute:pembroke_dock~_market,Pembroke Dock: Market,W05000439,
ocd-division/country:uk/ute:milford~_hubberston,Milford: Hubberston,W05000429,
ocd-division/country:uk/ute:milford~_north,Milford: North,W05000430,
ocd-division/country:uk/ute:milford~_east,Milford: East,W05000427,
ocd-division/country:uk/ute:pembroke~_st_mary_north,Pembroke: St. Mary North,W05000442,
ocd-division/country:uk/ute:pembroke_dock~_llanion,Pembroke Dock: Llanion,W05000438,
ocd-division/country:uk/ute:haverfordwest~_portfield,Haverfordwest: Portfield,W05000953,
ocd-division/country:uk/ute:haverfordwest~_prendergast,Haverfordwest: Prendergast,W05000954,
ocd-division/country:uk/ute:saundersfoot,Saundersfoot,W05000450,
ocd-division/country:uk/ute:fishguard_north_east,Fishguard North East,W05000406,
ocd-division/country:uk/ute:goodwick,Goodwick,W05000408,
ocd-division/country:uk/ute:pembroke_dock~_central,Pembroke Dock: Central,W05000437,
ocd-division/country:uk/ute:milford~_hakin,Milford: Hakin,W05000428,
ocd-division/country:uk/ute:milford~_central,Milford: Central,W05000426,
ocd-division/country:uk/ute:milford~_west,Milford: West,W05000431,
ocd-division/country:uk/ute:neyland~_east,Neyland: East,W05000435,
ocd-division/country:uk/ute:pembroke~_st_mary_south,Pembroke: St. Mary South,W05000443,
ocd-division/country:uk/ute:haverfordwest~_castle,Haverfordwest: Castle,W05000409,
ocd-division/country:uk/ute:haverfordwest~_garth,Haverfordwest: Garth,W05000410,
ocd-division/country:uk/ute:narberth,Narberth,W05000432,
ocd-division/country:uk/ute:fishguard_north_west,Fishguard North West,W05000407,
ocd-division/country:uk/ute:capel_dewi,Capel Dewi,W05000369,
ocd-division/country:uk/ute:llandysilio-gogo,Llandysilio-gogo,W05000378,
ocd-division/country:uk/ute:llanwenog,Llanwenog,W05000386,
ocd-division/country:uk/ute:llanfihangel_ystrad,Llanfihangel Ystrad,W05000381,
ocd-division/country:uk/ute:llangeitho,Llangeitho,W05000382,
ocd-division/country:uk/ute:tregaron,Tregaron,W05000394,
ocd-division/country:uk/ute:lledrod,Lledrod,W05000387,
ocd-division/country:uk/ute:ystwyth,Ystwyth,W05000396,
ocd-division/country:uk/ute:melindwr,Melindwr,W05000388,
ocd-division/country:uk/ute:borth,Borth,W05000368,
ocd-division/country:uk/ute:ceulanamaesmawr,Ceulanamaesmawr,W05000370,
ocd-division/country:uk/ute:beulah,Beulah,W05000367,
ocd-division/country:uk/ute:llandyfriog,Llandyfriog,W05000377,
ocd-division/country:uk/ute:troedyraur,Troedyraur,W05000395,
ocd-division/country:uk/ute:penbryn,Penbryn,W05000390,
ocd-division/country:uk/ute:llanarth,Llanarth,W05000374,
ocd-division/country:uk/ute:llangybi,Llangybi,W05000383,
ocd-division/country:uk/ute:ciliau_aeron,Ciliau Aeron,W05000371,
ocd-division/country:uk/ute:llansantffraed,Llansantffraed,W05000385,
ocd-division/country:uk/ute:llanrhystyd,Llanrhystyd,W05000384,
ocd-division/country:uk/ute:llanfarian,Llanfarian,W05000380,
ocd-division/country:uk/ute:trefeurig,Trefeurig,W05000393,
ocd-division/country:uk/ute:tirymynach,Tirymynach,W05000392,
ocd-division/country:uk/ute:aberteifi~cardigan-teifi,Aberteifi/Cardigan-Teifi,W05000361,
ocd-division/country:uk/ute:aberteifi~cardigan-rhyd-y-fuwch,Aberteifi/Cardigan-Rhyd-y-Fuwch,W05000360,
ocd-division/country:uk/ute:aberteifi~cardigan-mwldan,Aberteifi/Cardigan-Mwldan,W05000359,
ocd-division/country:uk/ute:llandysul_town,Llandysul Town,W05000379,
ocd-division/country:uk/ute:aberporth,Aberporth,W05000358,
ocd-division/country:uk/ute:lampeter,Lampeter,W05000373,
ocd-division/country:uk/ute:faenor,Faenor,W05000372,
ocd-division/country:uk/ute:new_quay,New Quay,W05000389,
ocd-division/country:uk/ute:aberaeron,Aberaeron,W05000357,
ocd-division/country:uk/ute:aberystwyth_penparcau,Aberystwyth Penparcau,W05000365,
ocd-division/country:uk/ute:aberystwyth_rheidol,Aberystwyth Rheidol,W05000366,
ocd-division/country:uk/ute:llanbadarn_fawr-sulien,Llanbadarn Fawr-Sulien,W05000376,
ocd-division/country:uk/ute:aberystwyth_gogledd~north,Aberystwyth Gogledd/North,W05000364,
ocd-division/country:uk/ute:llanbadarn_fawr-padarn,Llanbadarn Fawr-Padarn,W05000375,
ocd-division/country:uk/ute:aberystwyth_canol~central,Aberystwyth Canol/Central,W05000363,
ocd-division/country:uk/ute:aberystwyth_bronglais,Aberystwyth Bronglais,W05000362,
ocd-division/country:uk/ute:llandrillo,Llandrillo,W05000159,
ocd-division/country:uk/ute:corwen,Corwen,W05000151,
ocd-division/country:uk/ute:llanfair_dyffryn_clwyd~gwyddelwern,Llanfair Dyffryn Clwyd/Gwyddelwern,W05000161,
ocd-division/country:uk/ute:llangollen,Llangollen,W05000162,
ocd-division/country:uk/ute:efenechtyd,Efenechtyd,W05000156,
ocd-division/country:uk/ute:llanarmon-yn-ial~llandegla,Llanarmon-yn-Ial/Llandegla,W05000157,
ocd-division/country:uk/ute:llanbedr_dyffryn_clwyd~llangynhafal,Llanbedr Dyffryn Clwyd/Llangynhafal,W05000158,
ocd-division/country:uk/ute:llanrhaeadr-yng-nghinmeirch,Llanrhaeadr-Yng-Nghinmeirch,W05000163,
ocd-division/country:uk/ute:llandyrnog,Llandyrnog,W05000160,
ocd-division/country:uk/ute:tremeirchion,Tremeirchion,W05000179,
ocd-division/country:uk/ute:prestatyn_east,Prestatyn East,W05000165,
ocd-division/country:uk/ute:denbigh_upper~henllan,Denbigh Upper/Henllan,W05000154,
ocd-division/country:uk/ute:denbigh_lower,Denbigh Lower,W05000153,
ocd-division/country:uk/ute:trefnant,Trefnant,W05000178,
ocd-division/country:uk/ute:bodelwyddan,Bodelwyddan,W05000150,
ocd-division/country:uk/ute:st_asaph_west,St. Asaph West,W05000177,
ocd-division/country:uk/ute:st_asaph_east,St. Asaph East,W05000176,
ocd-division/country:uk/ute:rhyl_west,Rhyl West,W05000174,
ocd-division/country:uk/ute:rhuddlan,Rhuddlan,W05000169,
ocd-division/country:uk/ute:dyserth,Dyserth,W05000155,
ocd-division/country:uk/ute:rhyl_south,Rhyl South,W05000171,
ocd-division/country:uk/ute:rhyl_south_east,Rhyl South East,W05000172,
ocd-division/country:uk/ute:rhyl_east,Rhyl East,W05000170,
ocd-division/country:uk/ute:prestatyn_north,Prestatyn North,W05000167,
ocd-division/country:uk/ute:ruthin,Ruthin,W05000175,
ocd-division/country:uk/ute:denbigh_central,Denbigh Central,W05000152,
ocd-division/country:uk/ute:rhyl_south_west,Rhyl South West,W05000173,
ocd-division/country:uk/ute:prestatyn_meliden,Prestatyn Meliden,W05000166,
ocd-division/country:uk/ute:prestatyn_south_west,Prestatyn South West,W05000168,
ocd-division/country:uk/ute:prestatyn_central,Prestatyn Central,W05000164,
ocd-division/country:uk/ute:crucorney,Crucorney,W05000796,
ocd-division/country:uk/ute:llangybi_fawr,Llangybi Fawr,W05000809,
ocd-division/country:uk/ute:llanbadoc,Llanbadoc,W05000806,
ocd-division/country:uk/ute:shirenewton,Shirenewton,W05000826,
ocd-division/country:uk/ute:devauden,Devauden,W05000797,
ocd-division/country:uk/ute:llanover,Llanover,W05000810,
ocd-division/country:uk/ute:mitchel_troy,Mitchel Troy,W05000815,
ocd-division/country:uk/ute:llantilio_crossenny,Llantilio Crossenny,W05000811,
ocd-division/country:uk/ute:rogiet,Rogiet,W05000820,
ocd-division/country:uk/ute:the_elms,The Elms,W05000827,
ocd-division/country:uk/ute:portskewett,Portskewett,W05000817,
ocd-division/country:uk/ute:caerwent,Caerwent,W05000791,
ocd-division/country:uk/ute:st_arvans,St. Arvans,W05000821,
ocd-division/country:uk/ute:goetre_fawr,Goetre Fawr,W05000801,
ocd-division/country:uk/ute:llanelly_hill,Llanelly Hill,W05000807,
ocd-division/country:uk/ute:llanwenarth_ultra,Llanwenarth Ultra,W05000812,
ocd-division/country:uk/ute:llanfoist_fawr_det,Llanfoist Fawr (DET),W05000808,
ocd-division/country:uk/ute:llanfoist_fawr,Llanfoist Fawr,W05000808,
ocd-division/country:uk/ute:cantref,Cantref,W05000793,
ocd-division/country:uk/ute:mardy,Mardy,W05000813,
ocd-division/country:uk/ute:raglan,Raglan,W05000819,
ocd-division/country:uk/ute:trellech_united,Trellech United,W05000829,
ocd-division/country:uk/ute:drybridge,Drybridge,W05000800,
ocd-division/country:uk/ute:severn,Severn,W05000825,
ocd-division/country:uk/ute:west_end,West End,W05000831,
ocd-division/country:uk/ute:thornwell,Thornwell,W05000828,
ocd-division/country:uk/ute:usk,Usk,W05000830,
ocd-division/country:uk/ute:overmonnow,Overmonnow,W05000816,
ocd-division/country:uk/ute:wyesham,Wyesham,W05000832,
ocd-division/country:uk/ute:dixton_with_osbaston,Dixton with Osbaston,W05000799,
ocd-division/country:uk/ute:green_lane,Green Lane,W05000802,
ocd-division/country:uk/ute:caldicot_castle,Caldicot Castle,W05000792,
ocd-division/country:uk/ute:st_christophers,St. Christopher's,W05000822,
ocd-division/country:uk/ute:st_kingsmark,St. Kingsmark,W05000823,
ocd-division/country:uk/ute:st_marys,St. Mary's,W05000824,
ocd-division/country:uk/ute:grofield,Grofield,W05000803,
ocd-division/country:uk/ute:lansdown,Lansdown,W05000804,
ocd-division/country:uk/ute:croesonen,Croesonen,W05000795,
ocd-division/country:uk/ute:dewstow,Dewstow,W05000798,
ocd-division/country:uk/ute:larkfield,Larkfield,W05000805,
ocd-division/country:uk/ute:priory,Priory,W05000818,
ocd-division/country:uk/ute:laugharne_township,Laugharne Township,W05000481,
ocd-division/country:uk/ute:cynwyl_elfed,Cynwyl Elfed,W05000468,
ocd-division/country:uk/ute:llandovery,Llandovery,W05000485,
ocd-division/country:uk/ute:cenarth,Cenarth,W05000466,
ocd-division/country:uk/ute:llanegwad,Llanegwad,W05000487,
ocd-division/country:uk/ute:llanfihangel_aberbythych,Llanfihangel Aberbythych,W05000488,
ocd-division/country:uk/ute:manordeilo_and_salem,Manordeilo and Salem,W05000500,
ocd-division/country:uk/ute:llangadog,Llangadog,W05000490,
ocd-division/country:uk/ute:llanfihangel-ar-arth,Llanfihangel-ar-Arth,W05000489,
ocd-division/country:uk/ute:cynwyl_gaeo,Cynwyl Gaeo,W05000469,
ocd-division/country:uk/ute:cilycwm,Cilycwm,W05000467,
ocd-division/country:uk/ute:pembrey,Pembrey,W05000501,
ocd-division/country:uk/ute:llansteffan,Llansteffan,W05000496,
ocd-division/country:uk/ute:st_clears,St. Clears,W05000506,
ocd-division/country:uk/ute:st_ishmael,St. Ishmael,W05000507,
ocd-division/country:uk/ute:carmarthen_town_south,Carmarthen Town South,W05000464,
ocd-division/country:uk/ute:carmarthen_town_west,Carmarthen Town West,W05000465,
ocd-division/country:uk/ute:llangunnor,Llangunnor,W05000493,
ocd-division/country:uk/ute:llangennech,Llangennech,W05001003,
ocd-division/country:uk/ute:llangyndeyrn,Llangyndeyrn,W05000494,
ocd-division/country:uk/ute:llanddarog,Llanddarog,W05000483,
ocd-division/country:uk/ute:llandybie,Llandybie,W05000486,
ocd-division/country:uk/ute:glanamman,Glanamman,W05000474,
ocd-division/country:uk/ute:garnant,Garnant,W05000473,
ocd-division/country:uk/ute:llanboidy,Llanboidy,W05000482,
ocd-division/country:uk/ute:trelech,Trelech,W05000510,
ocd-division/country:uk/ute:abergwili,Abergwili,W05000457,
ocd-division/country:uk/ute:llangeler,Llangeler,W05000491,
ocd-division/country:uk/ute:llandeilo,Llandeilo,W05000484,
ocd-division/country:uk/ute:llanybydder,Llanybydder,W05000497,
ocd-division/country:uk/ute:burry_port,Burry Port,W05000461,
ocd-division/country:uk/ute:whitland,Whitland,W05000514,
ocd-division/country:uk/ute:trimsaran,Trimsaran,W05000511,
ocd-division/country:uk/ute:kidwelly,Kidwelly,W05000480,
ocd-division/country:uk/ute:carmarthen_town_north,Carmarthen Town North,W05000463,
ocd-division/country:uk/ute:glanymor,Glanymor,W05000475,
ocd-division/country:uk/ute:llwynhendy,Llwynhendy,W05000499,
ocd-division/country:uk/ute:bynea,Bynea,W05001002,
ocd-division/country:uk/ute:swiss_valley,Swiss Valley,W05000509,
ocd-division/country:uk/ute:pontyberem,Pontyberem,W05000504,
ocd-division/country:uk/ute:llannon,Llannon,W05000495,
ocd-division/country:uk/ute:hendy,Hendy,W05000478,
ocd-division/country:uk/ute:tycroes,Tycroes,W05000512,
ocd-division/country:uk/ute:saron,Saron,W05000508,
ocd-division/country:uk/ute:betws,Betws,W05000459,
ocd-division/country:uk/ute:gorslas,Gorslas,W05000477,
ocd-division/country:uk/ute:quarter_bach,Quarter Bach,W05000505,
ocd-division/country:uk/ute:bigyn,Bigyn,W05000460,
ocd-division/country:uk/ute:lliedi,Lliedi,W05000498,
ocd-division/country:uk/ute:dafen,Dafen,W05000470,
ocd-division/country:uk/ute:felinfoel,Felinfoel,W05000472,
ocd-division/country:uk/ute:ammanford,Ammanford,W05000458,
ocd-division/country:uk/ute:pontamman,Pontamman,W05000503,
ocd-division/country:uk/ute:tyisha,Tyisha,W05000513,
ocd-division/country:uk/ute:elli,Elli,W05000471,
ocd-division/country:uk/ute:pontamman_det,Pontamman (DET),W05000503,
ocd-division/country:uk/ute:bro_aberffraw,Bro Aberffraw,W05000982,
ocd-division/country:uk/ute:bro_rhosyr,Bro Rhosyr,W05000983,
ocd-division/country:uk/ute:llifon,Llifon,W05000986,
ocd-division/country:uk/ute:canolbarth_mon,Canolbarth Mon,W05000985,
ocd-division/country:uk/ute:ynys_gybi,Ynys Gybi,W05000991,
ocd-division/country:uk/ute:caergybi,Caergybi,W05000984,
ocd-division/country:uk/ute:ffynnongroyw,Ffynnongroyw,W05000199,
ocd-division/country:uk/ute:treuddyn,Treuddyn,W05000235,
ocd-division/country:uk/ute:llanfynydd,Llanfynydd,W05000216,
ocd-division/country:uk/ute:cilcain,Cilcain,W05000193,
ocd-division/country:uk/ute:caerwys,Caerwys,W05000192,
ocd-division/country:uk/ute:whitford,Whitford,W05000236,
ocd-division/country:uk/ute:halkyn,Halkyn,W05001005,
ocd-division/country:uk/ute:northop,Northop,W05000224,
ocd-division/country:uk/ute:sealand,Sealand,W05000230,
ocd-division/country:uk/ute:flint_oakenholt,Flint Oakenholt,W05000202,
ocd-division/country:uk/ute:hope,Hope,W05001007,
ocd-division/country:uk/ute:gwernymynydd,Gwernymynydd,W05000207,
ocd-division/country:uk/ute:leeswood,Leeswood,W05001008,
ocd-division/country:uk/ute:gwernaffield,Gwernaffield,W05000206,
ocd-division/country:uk/ute:mold_east,Mold East,W05001009,
ocd-division/country:uk/ute:new_brighton,New Brighton,W05000223,
ocd-division/country:uk/ute:penyffordd,Penyffordd,W05001010,
ocd-division/country:uk/ute:higher_kinnerton,Higher Kinnerton,W05001006,
ocd-division/country:uk/ute:ewloe,Ewloe,W05000198,
ocd-division/country:uk/ute:aston,Aston,W05000181,
ocd-division/country:uk/ute:hawarden,Hawarden,W05000209,
ocd-division/country:uk/ute:broughton_south,Broughton South,W05001036,
ocd-division/country:uk/ute:broughton_north_east,Broughton North East,W05001004,
ocd-division/country:uk/ute:mancot,Mancot,W05000217,
ocd-division/country:uk/ute:queensferry,Queensferry,W05000227,
ocd-division/country:uk/ute:brynford,Brynford,W05000186,
ocd-division/country:uk/ute:trelawnyd_and_gwaenysgor,Trelawnyd and Gwaenysgor,W05000234,
ocd-division/country:uk/ute:gronant,Gronant,W05000205,
ocd-division/country:uk/ute:greenfield,Greenfield,W05000204,
ocd-division/country:uk/ute:flint_trelawny,Flint Trelawny,W05000203,
ocd-division/country:uk/ute:connahs_quay_golftyn,Connah's Quay Golftyn,W05000195,
ocd-division/country:uk/ute:flint_coleshill,Flint Coleshill,W05000201,
ocd-division/country:uk/ute:bagillt_east,Bagillt East,W05000182,
ocd-division/country:uk/ute:flint_castle,Flint Castle,W05000200,
ocd-division/country:uk/ute:connahs_quay_wepre,Connah's Quay Wepre,W05000197,
ocd-division/country:uk/ute:connahs_quay_central,Connah's Quay Central,W05000194,
ocd-division/country:uk/ute:bagillt_west,Bagillt West,W05000183,
ocd-division/country:uk/ute:holywell_east,Holywell East,W05000212,
ocd-division/country:uk/ute:mold_south,Mold South,W05000220,
ocd-division/country:uk/ute:mold_west,Mold West,W05000221,
ocd-division/country:uk/ute:mold_broncoed,Mold Broncoed,W05000218,
ocd-division/country:uk/ute:buckley_bistre_west,Buckley Bistre West,W05000188,
ocd-division/country:uk/ute:buckley_bistre_east,Buckley Bistre East,W05000187,
ocd-division/country:uk/ute:buckley_pentrobin,Buckley Pentrobin,W05000190,
ocd-division/country:uk/ute:buckley_mountain,Buckley Mountain,W05000189,
ocd-division/country:uk/ute:northop_hall,Northop Hall,W05000225,
ocd-division/country:uk/ute:connahs_quay_south,Connah's Quay South,W05000196,
ocd-division/country:uk/ute:saltney_stonebridge,Saltney Stonebridge,W05000229,
ocd-division/country:uk/ute:shotton_higher,Shotton Higher,W05000232,
ocd-division/country:uk/ute:saltney_mold_junction,Saltney Mold Junction,W05000228,
ocd-division/country:uk/ute:holywell_west,Holywell West,W05000213,
ocd-division/country:uk/ute:shotton_west,Shotton West,W05000233,
ocd-division/country:uk/ute:caergwrle,Caergwrle,W05000191,
ocd-division/country:uk/ute:shotton_east,Shotton East,W05000231,
ocd-division/country:uk/ute:holywell_central,Holywell Central,W05000211,
ocd-division/country:uk/ute:blaenavon,Blaenavon,W05000768,
ocd-division/country:uk/ute:two_locks,Two Locks,W05000788,
ocd-division/country:uk/ute:llantarnam,Llantarnam,W05000776,
ocd-division/country:uk/ute:llanyrafon_east_and_ponthir,Llanyrafon East and Ponthir,W05000995,
ocd-division/country:uk/ute:wainfelin,Wainfelin,W05000790,
ocd-division/country:uk/ute:pontnewynydd,Pontnewynydd,W05000782,
ocd-division/country:uk/ute:new_inn,New Inn,W05000997,
ocd-division/country:uk/ute:abersychan,Abersychan,W05000992,
ocd-division/country:uk/ute:greenmeadow,Greenmeadow,W05000994,
ocd-division/country:uk/ute:upper_cwmbran,Upper Cwmbran,W05001001,
ocd-division/country:uk/ute:llanyrafon_west,Llanyrafon West,W05000996,
ocd-division/country:uk/ute:croesyceiliog_south,Croesyceiliog South,W05000772,
ocd-division/country:uk/ute:cwmyniscoy,Cwmyniscoy,W05000773,
ocd-division/country:uk/ute:croesyceiliog_north,Croesyceiliog North,W05000993,
ocd-division/country:uk/ute:panteg,Panteg,W05000780,
ocd-division/country:uk/ute:st_cadocs_and_penygarn,St. Cadocs and Penygarn,W05000784,
ocd-division/country:uk/ute:snatchwood,Snatchwood,W05000999,
ocd-division/country:uk/ute:trevethin,Trevethin,W05000787,
ocd-division/country:uk/ute:coed_eva,Coed Eva,W05000770,
ocd-division/country:uk/ute:st_dials,St. Dials,W05001000,
ocd-division/country:uk/ute:pontnewydd,Pontnewydd,W05000998,
ocd-division/country:uk/ute:pontypool,Pontypool,W05000783,
ocd-division/country:uk/ute:brynwern,Brynwern,W05000769,
ocd-division/country:uk/ute:warminster_without,Warminster Without,E05008414,
ocd-division/country:uk/ute:warminster_copheap_and_wylye,Warminster Copheap and Wylye,E05008411,
ocd-division/country:uk/ute:ethandune,Ethandune,E05008362,
ocd-division/country:uk/ute:fovant_and_chalke_valley,Fovant and Chalke Valley,E05008363,
ocd-division/country:uk/ute:nadder_and_east_knoyle,Nadder and East Knoyle,E05008380,
ocd-division/country:uk/ute:till_and_wylye_valley,Till and Wylye Valley,E05008400,
ocd-division/country:uk/ute:bulford_allington_and_figheldean,"Bulford, Allington and Figheldean",E05008337,
ocd-division/country:uk/ute:melksham_without_north,Melksham Without North,E05008376,
ocd-division/country:uk/ute:corsham_without_and_box_hill,Corsham Without and Box Hill,E05008355,
ocd-division/country:uk/ute:sherston,Sherston,E05008394,
ocd-division/country:uk/ute:the_lavingtons_and_erlestoke,The Lavingtons and Erlestoke,E05008398,
ocd-division/country:uk/ute:the_collingbournes_and_netheravon,The Collingbournes and Netheravon,E05008397,
ocd-division/country:uk/ute:burbage_and_the_bedwyns,Burbage and The Bedwyns,E05008338,
ocd-division/country:uk/ute:calne_rural,Calne Rural,E05008343,
ocd-division/country:uk/ute:minety,Minety,E05008379,
ocd-division/country:uk/ute:west_selkley,West Selkley,E05008415,
ocd-division/country:uk/ute:aldbourne_and_ramsbury,Aldbourne and Ramsbury,E05008327,
ocd-division/country:uk/ute:tisbury,Tisbury,E05008401,
ocd-division/country:uk/ute:mere,Mere,E05008378,
ocd-division/country:uk/ute:southwick,Southwick,E05008395,
ocd-division/country:uk/ute:cricklade_and_latton,Cricklade and Latton,E05008356,
ocd-division/country:uk/ute:downton_and_ebble_valley,Downton and Ebble Valley,E05008360,
ocd-division/country:uk/ute:winterslow,Winterslow,E05008421,
ocd-division/country:uk/ute:redlynch_and_landford,Redlynch and Landford,E05008384,
ocd-division/country:uk/ute:alderbury_and_whiteparish,Alderbury and Whiteparish,E05008328,
ocd-division/country:uk/ute:bourne_and_woodford_valley,Bourne and Woodford Valley,E05008331,
ocd-division/country:uk/ute:amesbury_west,Amesbury West,E05008330,
ocd-division/country:uk/ute:durrington_and_larkhill,Durrington and Larkhill,E05008361,
ocd-division/country:uk/ute:summerham_and_seend,Summerham and Seend,E05008396,
ocd-division/country:uk/ute:bromham_rowde_and_potterne,"Bromham, Rowde and Potterne",E05008336,
ocd-division/country:uk/ute:box_and_colerne,Box and Colerne,E05008332,
ocd-division/country:uk/ute:by_brook,By Brook,E05008339,
ocd-division/country:uk/ute:kington,Kington,E05008366,
ocd-division/country:uk/ute:brinkworth,Brinkworth,E05008335,
ocd-division/country:uk/ute:urchfont_and_the_cannings,Urchfont and The Cannings,E05008409,
ocd-division/country:uk/ute:pewsey_vale,Pewsey Vale,E05008382,
ocd-division/country:uk/ute:pewsey,Pewsey,E05008381,
ocd-division/country:uk/ute:calne_south_and_cherhill,Calne South and Cherhill,E05008344,
ocd-division/country:uk/ute:lyneham,Lyneham,E05008369,
ocd-division/country:uk/ute:royal_wootton_bassett_south,Royal Wootton Bassett South,E05008424,
ocd-division/country:uk/ute:royal_wootton_bassett_east,Royal Wootton Bassett East,E05008422,
ocd-division/country:uk/ute:purton,Purton,E05008383,
ocd-division/country:uk/ute:warminster_west,Warminster West,E05008413,
ocd-division/country:uk/ute:westbury_east,Westbury East,E05008416,
ocd-division/country:uk/ute:wilton_and_lower_wylye_valley,Wilton and Lower Wylye Valley,E05008419,
ocd-division/country:uk/ute:salisbury_st_francis_and_stratford,Salisbury St. Francis and Stratford,E05008390,
ocd-division/country:uk/ute:salisbury_st_martins_and_cathedral,Salisbury St. Martin's and Cathedral,E05008392,
ocd-division/country:uk/ute:laverstock_ford_and_old_sarum,"Laverstock, Ford and Old Sarum",E05008367,
ocd-division/country:uk/ute:amesbury_east,Amesbury East,E05008329,
ocd-division/country:uk/ute:tidworth,Tidworth,E05008399,
ocd-division/country:uk/ute:ludgershall_and_perham_down,Ludgershall and Perham Down,E05008368,
ocd-division/country:uk/ute:winsley_and_westwood,Winsley and Westwood,E05008420,
ocd-division/country:uk/ute:hilperton,Hilperton,E05008364,
ocd-division/country:uk/ute:bradford-on-avon_north,Bradford-on-Avon North,E05008333,
ocd-division/country:uk/ute:holt_and_staverton,Holt and Staverton,E05008365,
ocd-division/country:uk/ute:melksham_without_south,Melksham Without South,E05008377,
ocd-division/country:uk/ute:roundway,Roundway,E05008385,
ocd-division/country:uk/ute:corsham_town,Corsham Town,E05008354,
ocd-division/country:uk/ute:royal_wootton_bassett_north,Royal Wootton Bassett North,E05008423,
ocd-division/country:uk/ute:warminster_broadway,Warminster Broadway,E05008410,
ocd-division/country:uk/ute:warminster_east,Warminster East,E05008412,
ocd-division/country:uk/ute:westbury_west,Westbury West,E05008418,
ocd-division/country:uk/ute:trowbridge_grove,Trowbridge Grove,E05008405,
ocd-division/country:uk/ute:salisbury_harnham,Salisbury Harnham,E05008388,
ocd-division/country:uk/ute:salisbury_fisherton_and_bemerton_village,Salisbury Fisherton and Bemerton Village,E05008387,
ocd-division/country:uk/ute:salisbury_bemerton,Salisbury Bemerton,E05008386,
ocd-division/country:uk/ute:salisbury_st_marks_and_bishopdown,Salisbury St. Mark's and Bishopdown,E05008391,
ocd-division/country:uk/ute:bradford-on-avon_south,Bradford-on-Avon South,E05008334,
ocd-division/country:uk/ute:trowbridge_lambrok,Trowbridge Lambrok,E05008406,
ocd-division/country:uk/ute:trowbridge_central,Trowbridge Central,E05008403,
ocd-division/country:uk/ute:trowbridge_adcroft,Trowbridge Adcroft,E05008402,
ocd-division/country:uk/ute:melksham_north,Melksham North,E05008374,
ocd-division/country:uk/ute:devizes_and_roundway_south,Devizes and Roundway South,E05008357,
ocd-division/country:uk/ute:devizes_north,Devizes North,E05008359,
ocd-division/country:uk/ute:corsham_pickwick,Corsham Pickwick,E05008353,
ocd-division/country:uk/ute:chippenham_pewsham,Chippenham Pewsham,E05008351,
ocd-division/country:uk/ute:chippenham_lowden_and_rowden,Chippenham Lowden and Rowden,E05008349,
ocd-division/country:uk/ute:chippenham_hardens_and_england,Chippenham Hardens and England,E05008348,
ocd-division/country:uk/ute:chippenham_cepen_park_and_derriads,Chippenham Cepen Park and Derriads,E05008345,
ocd-division/country:uk/ute:chippenham_monkton,Chippenham Monkton,E05008350,
ocd-division/country:uk/ute:chippenham_cepen_park_and_redlands,Chippenham Cepen Park and Redlands,E05008346,
ocd-division/country:uk/ute:chippenham_hardenhuish,Chippenham Hardenhuish,E05008347,
ocd-division/country:uk/ute:calne_central,Calne Central,E05008340,
ocd-division/country:uk/ute:malmesbury,Malmesbury,E05008370,
ocd-division/country:uk/ute:marlborough_west,Marlborough West,E05008372,
ocd-division/country:uk/ute:marlborough_east,Marlborough East,E05008371,
ocd-division/country:uk/ute:westbury_north,Westbury North,E05008417,
ocd-division/country:uk/ute:trowbridge_drynham,Trowbridge Drynham,E05008404,
ocd-division/country:uk/ute:trowbridge_park,Trowbridge Park,E05008407,
ocd-division/country:uk/ute:salisbury_st_pauls,Salisbury St. Paul's,E05008393,
ocd-division/country:uk/ute:salisbury_st_edmund_and_milford,Salisbury St. Edmund and Milford,E05008389,
ocd-division/country:uk/ute:trowbridge_paxcroft,Trowbridge Paxcroft,E05008408,
ocd-division/country:uk/ute:melksham_south,Melksham South,E05008375,
ocd-division/country:uk/ute:melksham_central,Melksham Central,E05008373,
ocd-division/country:uk/ute:devizes_east,Devizes East,E05008358,
ocd-division/country:uk/ute:chippenham_queens_and_sheldon,Chippenham Queens and Sheldon,E05008352,
ocd-division/country:uk/ute:calne_chilvester_and_abberd,Calne Chilvester and Abberd,E05008341,
ocd-division/country:uk/ute:calne_north,Calne North,E05008342,
ocd-division/country:uk/ute:dyffryn_ceiriog~ceiriog_valley,Dyffryn Ceiriog/Ceiriog Valley,W05000245,
ocd-division/country:uk/ute:overton,Overton,W05000270,
ocd-division/country:uk/ute:bronington,Bronington,W05000239,
ocd-division/country:uk/ute:penycae_and_ruabon_south,Penycae and Ruabon South,W05000273,
ocd-division/country:uk/ute:marchwiel,Marchwiel,W05000265,
ocd-division/country:uk/ute:holt,Holt,W05000909,
ocd-division/country:uk/ute:rossett,Rossett,W05000278,
ocd-division/country:uk/ute:chirk_south,Chirk South,W05000247,
ocd-division/country:uk/ute:minera,Minera,W05000910,
ocd-division/country:uk/ute:ruabon,Ruabon,W05000279,
ocd-division/country:uk/ute:ponciau,Ponciau,W05000275,
ocd-division/country:uk/ute:llay,Llay,W05000263,
ocd-division/country:uk/ute:llangollen_rural,Llangollen Rural,W05000262,
ocd-division/country:uk/ute:cefn,Cefn,W05000244,
ocd-division/country:uk/ute:chirk_north,Chirk North,W05000246,
ocd-division/country:uk/ute:penycae,Penycae,W05000272,
ocd-division/country:uk/ute:johnstown,Johnstown,W05000260,
ocd-division/country:uk/ute:esclusham,Esclusham,W05000250,
ocd-division/country:uk/ute:coedpoeth,Coedpoeth,W05000906,
ocd-division/country:uk/ute:brynyffynnon,Brynyffynnon,W05000241,
ocd-division/country:uk/ute:new_broughton,New Broughton,W05000268,
ocd-division/country:uk/ute:brymbo,Brymbo,W05000903,
ocd-division/country:uk/ute:bryn_cefn,Bryn Cefn,W05000904,
ocd-division/country:uk/ute:gwersyllt_west,Gwersyllt West,W05000257,
ocd-division/country:uk/ute:gwersyllt_east_and_south,Gwersyllt East and South,W05000908,
ocd-division/country:uk/ute:gwersyllt_north,Gwersyllt North,W05000256,
ocd-division/country:uk/ute:gresford_east_and_west,Gresford East and West,W05000907,
ocd-division/country:uk/ute:marford_and_hoseley,Marford and Hoseley,W05000266,
ocd-division/country:uk/ute:pant,Pant,W05000271,
ocd-division/country:uk/ute:erddig,Erddig,W05000249,
ocd-division/country:uk/ute:hermitage,Hermitage,W05000258,
ocd-division/country:uk/ute:offa,Offa,W05000269,
ocd-division/country:uk/ute:smithfield,Smithfield,W05000280,
ocd-division/country:uk/ute:whitegate,Whitegate,W05000912,
ocd-division/country:uk/ute:queensway,Queensway,W05000276,
ocd-division/country:uk/ute:gwenfro,Gwenfro,W05000254,
ocd-division/country:uk/ute:grosvenor,Grosvenor,W05000253,
ocd-division/country:uk/ute:maesydre,Maesydre,W05000264,
ocd-division/country:uk/ute:stansty,Stansty,W05000281,
ocd-division/country:uk/ute:acton,Acton,W05000237,
ocd-division/country:uk/ute:garden_village,Garden Village,W05000251,
ocd-division/country:uk/ute:little_acton,Little Acton,W05000261,
ocd-division/country:uk/ute:wynnstay,Wynnstay,W05000283,
ocd-division/country:uk/ute:cartrefle,Cartrefle,W05000905,
ocd-division/country:uk/ute:rhosnesni,Rhosnesni,W05000911,
ocd-division/country:uk/ute:borras_park,Borras Park,W05000238,
ocd-division/country:uk/ute:plas_madoc,Plas Madoc,W05000274,
ocd-division/country:uk/ute:brading_st_helens_and_bembridge,"Brading, St. Helens and Bembridge",E05008481,
ocd-division/country:uk/ute:totland,Totland,E05008512,
ocd-division/country:uk/ute:butetown,Butetown,W05000854,
ocd-division/country:uk/ute:llanengan,Llanengan,W05000080,
ocd-division/country:uk/ute:lligwy,Lligwy,W05000987,
ocd-division/country:uk/ute:tenby~_south,Tenby: South,W05000454,
ocd-division/country:uk/ute:st_davids,St. David's,W05000447,
ocd-division/country:uk/ute:nettlestone_and_seaview,Nettlestone and Seaview,E05008496,
ocd-division/country:uk/ute:aberdaron,Aberdaron,W05000041,
ocd-division/country:uk/ute:aethwy,Aethwy,W05000981,
ocd-division/country:uk/ute:seiriol,Seiriol,W05000988,
ocd-division/country:uk/ute:twrcelyn,Twrcelyn,W05000990,
ocd-division/country:uk/ute:talybolion,Talybolion,W05000989,
ocd-division/country:uk/ute:hundleton,Hundleton,W05000414,
ocd-division/country:uk/ute:solva,Solva,W05000452,
ocd-division/country:uk/ute:st_ishmaels,St. Ishmael's,W05000449,
ocd-division/country:uk/ute:pen-parc,Pen-parc,W05000391,
ocd-division/country:uk/ute:mill,Mill,W05000814,
ocd-division/country:uk/ute:bamburgh,Bamburgh,E05009097,
ocd-division/country:uk/ute:amble,Amble,E05009094,
ocd-division/country:uk/ute:ludgvan,Ludgvan,E05009207,
ocd-division/country:uk/ute:roseland,Roseland,E05009241,
ocd-division/country:uk/ute:st_just_in_penwith,St. Just in Penwith,E05009258,
ocd-division/country:uk/ute:gwinear-gwithian_and_st_erth,Gwinear-Gwithian and St. Erth,E05009188,
ocd-division/country:uk/ute:st_agnes,St. Agnes,E05009242,
ocd-division/country:uk/ute:padstow,Padstow,E05009223,
ocd-division/country:uk/ute:tintagel,Tintagel,E05009271,
ocd-division/country:uk/ute:st_buryan,St. Buryan,E05009248,
ocd-division/country:uk/ute:mullion_and_grade-ruan,Mullion and Grade-Ruan,E05009215,
ocd-division/country:uk/ute:looe_west_lansallos_and_lanteglos,"Looe West, Lansallos and Lanteglos",E05009205,
ocd-division/country:uk/ute:st_minver_and_st_endellion,St. Minver and St. Endellion,E05009262,
